senderId,receiverId,token
30004,30005,eyJhbGciOiJIUzM4NCJ9.eyJzdWIiOiJwZXJmX3VzZXJfMCIsInVzZXJJZCI6MzAwMDQsImlhdCI6MTc4MDQ5NTA3NiwiZXhwIjoxNzgwNTAyMjc2fQ.XVtG-VtnmfJ1wUA5BDQmKl5VVJri5gGHvFCjcHX-0CUBCM5g3UM4aL27MOB3HctX
30006,30007,eyJhbGciOiJIUzM4NCJ9.eyJzdWIiOiJwZXJmX3VzZXJfMiIsInVzZXJJZCI6MzAwMDYsImlhdCI6MTc4MDQ5NTA3NiwiZXhwIjoxNzgwNTAyMjc2fQ.12BSPegJQ0QAN2Uxj4N-31-7JmevnFstiVSmbeeB4rzY_GWPWfRL4ApCpl8Yme9g
30008,30009,eyJhbGciOiJIUzM4NCJ9.eyJzdWIiOiJwZXJmX3VzZXJfNCIsInVzZXJJZCI6MzAwMDgsImlhdCI6MTc4MDQ5NTA3NiwiZXhwIjoxNzgwNTAyMjc2fQ.Um5L9ssuFPGQMlc0RT9RibV0PoGL2hX1ip7MDMVXYmPwYUAnvNicrdVUNaXVRMf1
30010,30011,eyJhbGciOiJIUzM4NCJ9.eyJzdWIiOiJwZXJmX3VzZXJfNiIsInVzZXJJZCI6MzAwMTAsImlhdCI6MTc4MDQ5NTA3NiwiZXhwIjoxNzgwNTAyMjc2fQ.L7wyJLRRbnwLYsuXhx7kncSZO8kNsq1Xdoi1tIYJUdjt53Kuo22W5yLFlaUf-csI
30012,30013,eyJhbGciOiJIUzM4NCJ9.eyJzdWIiOiJwZXJmX3VzZXJfOCIsInVzZXJJZCI6MzAwMTIsImlhdCI6MTc4MDQ5NTA3NiwiZXhwIjoxNzgwNTAyMjc2fQ.Ku70sOcjLeMXlCs2s-HBny0tzwS72uA52ZTPzAg99V5ik6CsejSadFjXPntvmodO
30014,30015,eyJhbGciOiJIUzM4NCJ9.eyJzdWIiOiJwZXJmX3VzZXJfMTAiLCJ1c2VySWQiOjMwMDE0LCJpYXQiOjE3ODA0OTUwNzYsImV4cCI6MTc4MDUwMjI3Nn0.1vgLoh3F2NJnjottHwN8WqTzir1te0gQXztIarhhRFuY3tv6UcfUWYxxXn2DVAm_
30016,30017,eyJhbGciOiJIUzM4NCJ9.eyJzdWIiOiJwZXJmX3VzZXJfMTIiLCJ1c2VySWQiOjMwMDE2LCJpYXQiOjE3ODA0OTUwNzYsImV4cCI6MTc4MDUwMjI3Nn0.6QoGDrRIBXMBQt09TLoF4-bgYnyPDaDq0W2qMkCNVnG0CiPrfqxaNizkD_6FHotU
30018,30019,eyJhbGciOiJIUzM4NCJ9.eyJzdWIiOiJwZXJmX3VzZXJfMTQiLCJ1c2VySWQiOjMwMDE4LCJpYXQiOjE3ODA0OTUwNzYsImV4cCI6MTc4MDUwMjI3Nn0.SxeXgqujyfFblLdqK1Hj_y_CqAfw20Q-ET0e2nycESiIu9r1jX5d8SooAI0QiM7h
30020,30021,eyJhbGciOiJIUzM4NCJ9.eyJzdWIiOiJwZXJmX3VzZXJfMTYiLCJ1c2VySWQiOjMwMDIwLCJpYXQiOjE3ODA0OTUwNzYsImV4cCI6MTc4MDUwMjI3Nn0.6PanHcLnRUAm3oRsHhjEG_-hJ1FzluZ5S-QWKbGxMOwxQTCYQhtqfb7_p2dcTmZz
30022,30023,eyJhbGciOiJIUzM4NCJ9.eyJzdWIiOiJwZXJmX3VzZXJfMTgiLCJ1c2VySWQiOjMwMDIyLCJpYXQiOjE3ODA0OTUwNzYsImV4cCI6MTc4MDUwMjI3Nn0.s0Jaozta-D-NC_ii4V6pa-FCWUeVOz_OP2ApD6S4Jn9FZ-Z4I-W3lWPN8-Dlk11C
30024,30025,eyJhbGciOiJIUzM4NCJ9.eyJzdWIiOiJwZXJmX3VzZXJfMjAiLCJ1c2VySWQiOjMwMDI0LCJpYXQiOjE3ODA0OTUwNzYsImV4cCI6MTc4MDUwMjI3Nn0.JbOw-2dlFrdXuGg5GhrQhxE7BTF6VXABJu0x15A3pGbk3Y4fOua3vE-cFHmTTWus
30026,30027,eyJhbGciOiJIUzM4NCJ9.eyJzdWIiOiJwZXJmX3VzZXJfMjIiLCJ1c2VySWQiOjMwMDI2LCJpYXQiOjE3ODA0OTUwNzYsImV4cCI6MTc4MDUwMjI3Nn0.Mr53n01_jPVMEzcFmMCYphe-fi0Hq7Zoc8Ip5gLdKCIEOwyyaYFUbkOeeFdMfqS4
30028,30029,eyJhbGciOiJIUzM4NCJ9.eyJzdWIiOiJwZXJmX3VzZXJfMjQiLCJ1c2VySWQiOjMwMDI4LCJpYXQiOjE3ODA0OTUwNzYsImV4cCI6MTc4MDUwMjI3Nn0.LjmSUmaprVq_yrI2dO7xpLiCJMAWuF1AjEMool1a7Cuk3K9t4TdSjZcaiOg0tdQX
30030,30031,eyJhbGciOiJIUzM4NCJ9.eyJzdWIiOiJwZXJmX3VzZXJfMjYiLCJ1c2VySWQiOjMwMDMwLCJpYXQiOjE3ODA0OTUwNzYsImV4cCI6MTc4MDUwMjI3Nn0.uQuFCaaHxUaodU1JbDRLvK3qxFKN4-XmZVb0OoarD6raOUcS1kP54-k_Wj4giqz5
30032,30033,eyJhbGciOiJIUzM4NCJ9.eyJzdWIiOiJwZXJmX3VzZXJfMjgiLCJ1c2VySWQiOjMwMDMyLCJpYXQiOjE3ODA0OTUwNzYsImV4cCI6MTc4MDUwMjI3Nn0.fMhAOWMCzTQwNErbDgKLZIpq7LPl_DxgO3VSJCXL9lfWzS61yN2Fud2kCgIk_5sS
30034,30035,eyJhbGciOiJIUzM4NCJ9.eyJzdWIiOiJwZXJmX3VzZXJfMzAiLCJ1c2VySWQiOjMwMDM0LCJpYXQiOjE3ODA0OTUwNzYsImV4cCI6MTc4MDUwMjI3Nn0._CPr3lTlnXX54Y4Ig_bAe4e7TX_EYR35W8Iv8hhggSIovXsmO_zkdgq9XNxuBJEj
30036,30037,eyJhbGciOiJIUzM4NCJ9.eyJzdWIiOiJwZXJmX3VzZXJfMzIiLCJ1c2VySWQiOjMwMDM2LCJpYXQiOjE3ODA0OTUwNzYsImV4cCI6MTc4MDUwMjI3Nn0.NQ6bharLPOXVKbxPprmaH05Ipi5New3Jl2BcekPnlkdXZAayELPUZtjA_9MB-oIt
30038,30039,eyJhbGciOiJIUzM4NCJ9.eyJzdWIiOiJwZXJmX3VzZXJfMzQiLCJ1c2VySWQiOjMwMDM4LCJpYXQiOjE3ODA0OTUwNzYsImV4cCI6MTc4MDUwMjI3Nn0.1mTllmhHbY7vaWNJ3wXvY7PaQIHfR4bkDSeOqBlYAfDSHg-nPfK1EknNpvLRNYTM
30040,30041,eyJhbGciOiJIUzM4NCJ9.eyJzdWIiOiJwZXJmX3VzZXJfMzYiLCJ1c2VySWQiOjMwMDQwLCJpYXQiOjE3ODA0OTUwNzYsImV4cCI6MTc4MDUwMjI3Nn0.VMWUy-3BeeXb-8DX0T0nXEKrrkbjmE2AklJ_8XTM6Tr7ZkAiaU5u_i_d_BpLOdIR
30042,30043,eyJhbGciOiJIUzM4NCJ9.eyJzdWIiOiJwZXJmX3VzZXJfMzgiLCJ1c2VySWQiOjMwMDQyLCJpYXQiOjE3ODA0OTUwNzYsImV4cCI6MTc4MDUwMjI3Nn0.aRc1i8ijmYmuvkb_W7lIaryUKbr9Qr_F9CEOejhfKd8p02nmy4pmOW-noubJNpJ9
30044,30045,eyJhbGciOiJIUzM4NCJ9.eyJzdWIiOiJwZXJmX3VzZXJfNDAiLCJ1c2VySWQiOjMwMDQ0LCJpYXQiOjE3ODA0OTUwNzYsImV4cCI6MTc4MDUwMjI3Nn0.kV9AD3KSqHCGIVpqy5lBYPyIIBmf_g5Z_LD33mT2ojQ_pr2tF6tQRTLsYgsdINFv
30046,30047,eyJhbGciOiJIUzM4NCJ9.eyJzdWIiOiJwZXJmX3VzZXJfNDIiLCJ1c2VySWQiOjMwMDQ2LCJpYXQiOjE3ODA0OTUwNzYsImV4cCI6MTc4MDUwMjI3Nn0.b_VTL3RE9nFtsgiz2ub5wZMY6nrWxzJGVP60DF2uX_201TjsXUk4c6A8MqXbG_RL
30048,30049,eyJhbGciOiJIUzM4NCJ9.eyJzdWIiOiJwZXJmX3VzZXJfNDQiLCJ1c2VySWQiOjMwMDQ4LCJpYXQiOjE3ODA0OTUwNzYsImV4cCI6MTc4MDUwMjI3Nn0.oTVuKcTAoRa8WOBgUWv9D5yNEqlM4Pl_n4Pw1VO3pdhwJAC240fhREzZBta6IP44
30050,30051,eyJhbGciOiJIUzM4NCJ9.eyJzdWIiOiJwZXJmX3VzZXJfNDYiLCJ1c2VySWQiOjMwMDUwLCJpYXQiOjE3ODA0OTUwNzYsImV4cCI6MTc4MDUwMjI3Nn0.ZuAe-Bk12SV7jcsPc0POxtLxGFTWmOEk2hyZGNQj_OhK743tWeOqzZGwRmply8Su
30052,30053,eyJhbGciOiJIUzM4NCJ9.eyJzdWIiOiJwZXJmX3VzZXJfNDgiLCJ1c2VySWQiOjMwMDUyLCJpYXQiOjE3ODA0OTUwNzYsImV4cCI6MTc4MDUwMjI3Nn0.qYlakDOLnbsFod0nZzNLlkLE1Du4mPjEmtVpwOFCG6Pxn6G1KHI_LwTlZQPApBG6
30054,30055,eyJhbGciOiJIUzM4NCJ9.eyJzdWIiOiJwZXJmX3VzZXJfNTAiLCJ1c2VySWQiOjMwMDU0LCJpYXQiOjE3ODA0OTUwNzYsImV4cCI6MTc4MDUwMjI3Nn0.dP_QeVHfF2H4f6Mv_0YaFuCDZZYpV8K50BxQYWg0P39xgPrQQtGrP81gxdXUSfC2
30056,30057,eyJhbGciOiJIUzM4NCJ9.eyJzdWIiOiJwZXJmX3VzZXJfNTIiLCJ1c2VySWQiOjMwMDU2LCJpYXQiOjE3ODA0OTUwNzYsImV4cCI6MTc4MDUwMjI3Nn0.C6pAofqcUHp5gVUNA7E45dGFuxVaXU7Cat-3EbB3JuAhCGt_BhGuPI4aN9zlINNQ
30058,30059,eyJhbGciOiJIUzM4NCJ9.eyJzdWIiOiJwZXJmX3VzZXJfNTQiLCJ1c2VySWQiOjMwMDU4LCJpYXQiOjE3ODA0OTUwNzYsImV4cCI6MTc4MDUwMjI3Nn0.jk_XpqFU0xIa6eAw9AU5qCqv9aLgn_BNxbaOQWf9t3IEBSrwsCkTom0ZD9DLnGai
30060,30061,eyJhbGciOiJIUzM4NCJ9.eyJzdWIiOiJwZXJmX3VzZXJfNTYiLCJ1c2VySWQiOjMwMDYwLCJpYXQiOjE3ODA0OTUwNzYsImV4cCI6MTc4MDUwMjI3Nn0.z5k-uDYVba8lQb9wkcMGlJMaPlbj7L3NBtyFtQezE3tVIpxSW0-y5eO-YtM8qLbv
30062,30063,eyJhbGciOiJIUzM4NCJ9.eyJzdWIiOiJwZXJmX3VzZXJfNTgiLCJ1c2VySWQiOjMwMDYyLCJpYXQiOjE3ODA0OTUwNzYsImV4cCI6MTc4MDUwMjI3Nn0.v_3w0B2R8i8WS0vCW2i-_QitjqBIC0T1Kbdg2R26vUOHRXprOClfs9rSf3nOAZLa
30064,30065,eyJhbGciOiJIUzM4NCJ9.eyJzdWIiOiJwZXJmX3VzZXJfNjAiLCJ1c2VySWQiOjMwMDY0LCJpYXQiOjE3ODA0OTUwNzYsImV4cCI6MTc4MDUwMjI3Nn0.Oi39qOpFNvJeOJYfQnw8ITYIGvvlECQS09TGSR8c8k0xxkPSKAIdGoRZp8dthU3h
30066,30067,eyJhbGciOiJIUzM4NCJ9.eyJzdWIiOiJwZXJmX3VzZXJfNjIiLCJ1c2VySWQiOjMwMDY2LCJpYXQiOjE3ODA0OTUwNzYsImV4cCI6MTc4MDUwMjI3Nn0.MpWOehhbx04og9ka4fqFTRkKI45KEcum5GSAoi8cC28-AGWFWCoD4bqeGNVvyMGz
30068,30069,eyJhbGciOiJIUzM4NCJ9.eyJzdWIiOiJwZXJmX3VzZXJfNjQiLCJ1c2VySWQiOjMwMDY4LCJpYXQiOjE3ODA0OTUwNzYsImV4cCI6MTc4MDUwMjI3Nn0.7Gkz7DInUs0ivmT4OvJh5VB_tRfsSyelmAXPZNdsQTp0EvVSZBQsQ27Enk1Vk_X0
30070,30071,eyJhbGciOiJIUzM4NCJ9.eyJzdWIiOiJwZXJmX3VzZXJfNjYiLCJ1c2VySWQiOjMwMDcwLCJpYXQiOjE3ODA0OTUwNzYsImV4cCI6MTc4MDUwMjI3Nn0.AalZBToaswuI_QEpKfUm2CDr2fMTFWnyZAXltJs7a01nGWNpjBdXHoJ42pitAz1h
30072,30073,eyJhbGciOiJIUzM4NCJ9.eyJzdWIiOiJwZXJmX3VzZXJfNjgiLCJ1c2VySWQiOjMwMDcyLCJpYXQiOjE3ODA0OTUwNzYsImV4cCI6MTc4MDUwMjI3Nn0.2UJXtZAsZ9ccl1WAeeFQ43162kbYQnc_tbAve-1-Pw1iadM0ZyK6TMBMhHovYQrE
30074,30075,eyJhbGciOiJIUzM4NCJ9.eyJzdWIiOiJwZXJmX3VzZXJfNzAiLCJ1c2VySWQiOjMwMDc0LCJpYXQiOjE3ODA0OTUwNzYsImV4cCI6MTc4MDUwMjI3Nn0.Aii4DvWt3n_KDB8bPrPQj7Cei5EKLJ4-kJ5yaHe5Bw_ndxtmaFop36OoPM0SwiaE
30076,30077,eyJhbGciOiJIUzM4NCJ9.eyJzdWIiOiJwZXJmX3VzZXJfNzIiLCJ1c2VySWQiOjMwMDc2LCJpYXQiOjE3ODA0OTUwNzYsImV4cCI6MTc4MDUwMjI3Nn0.7PidbT0oXlUOFko7BZI3TImliOs5y0GLfMkhNjEb2DKGUDsOLAylSNt7tu1cGDll
30078,30079,eyJhbGciOiJIUzM4NCJ9.eyJzdWIiOiJwZXJmX3VzZXJfNzQiLCJ1c2VySWQiOjMwMDc4LCJpYXQiOjE3ODA0OTUwNzYsImV4cCI6MTc4MDUwMjI3Nn0.5Dnc7e-_jpQhb56aRK8vJ69pYucmoBBtpHHCAEncH9uLaIwLoKA3dNoWgi2YF20A
30080,30081,eyJhbGciOiJIUzM4NCJ9.eyJzdWIiOiJwZXJmX3VzZXJfNzYiLCJ1c2VySWQiOjMwMDgwLCJpYXQiOjE3ODA0OTUwNzYsImV4cCI6MTc4MDUwMjI3Nn0.EnwPbgJ5ZrAJ1K284Rn54I8RCXkc1ufpEzIR4N2wuGO-FxC0P1seUCNv5sa6Q9E_
30082,30083,eyJhbGciOiJIUzM4NCJ9.eyJzdWIiOiJwZXJmX3VzZXJfNzgiLCJ1c2VySWQiOjMwMDgyLCJpYXQiOjE3ODA0OTUwNzYsImV4cCI6MTc4MDUwMjI3Nn0.hV6v_JRG62eBPbFJftkd4kucFr4qWi01yj7LU0CY7eoZKsTurI4MdRF4Fje_Njpa
30084,30085,eyJhbGciOiJIUzM4NCJ9.eyJzdWIiOiJwZXJmX3VzZXJfODAiLCJ1c2VySWQiOjMwMDg0LCJpYXQiOjE3ODA0OTUwNzYsImV4cCI6MTc4MDUwMjI3Nn0.TTsnINtGhtWqESqD-xTVOneIJv_GTsKC20EItdjcsdIwNG4g8IdQGRCGhi4l-AQK
30086,30087,eyJhbGciOiJIUzM4NCJ9.eyJzdWIiOiJwZXJmX3VzZXJfODIiLCJ1c2VySWQiOjMwMDg2LCJpYXQiOjE3ODA0OTUwNzYsImV4cCI6MTc4MDUwMjI3Nn0.v0w7LJzWjsjWY9J2vvYN4aPpxU0OTHxoo_2YI7JZfegI7qxgdzj-ssNmXNXyTJz-
30088,30089,eyJhbGciOiJIUzM4NCJ9.eyJzdWIiOiJwZXJmX3VzZXJfODQiLCJ1c2VySWQiOjMwMDg4LCJpYXQiOjE3ODA0OTUwNzYsImV4cCI6MTc4MDUwMjI3Nn0.zBG1sjhSTFiPEUcW0HRoPrPVc9-p7mgM8w3Agp42YQjZQbqXLvJk8kuqGWCLwtUr
30090,30091,eyJhbGciOiJIUzM4NCJ9.eyJzdWIiOiJwZXJmX3VzZXJfODYiLCJ1c2VySWQiOjMwMDkwLCJpYXQiOjE3ODA0OTUwNzYsImV4cCI6MTc4MDUwMjI3Nn0.ohemwDCNZ4WFpQxnn6q51sEA02_T2HT8L_fV0KtlEQRmOlxvjGK01-YvuvgSAgeL
30092,30093,eyJhbGciOiJIUzM4NCJ9.eyJzdWIiOiJwZXJmX3VzZXJfODgiLCJ1c2VySWQiOjMwMDkyLCJpYXQiOjE3ODA0OTUwNzYsImV4cCI6MTc4MDUwMjI3Nn0.vrmIyR9w8C7BI0hB7YgWkW-qVGA5EauJ1mSO3wHdtk5W2pGdzFqInNRTZEG8bzqy
30094,30095,eyJhbGciOiJIUzM4NCJ9.eyJzdWIiOiJwZXJmX3VzZXJfOTAiLCJ1c2VySWQiOjMwMDk0LCJpYXQiOjE3ODA0OTUwNzYsImV4cCI6MTc4MDUwMjI3Nn0.MfGqt7yuTKeI1WfC47ptcv0ZbF4JwOj934VrJRaeml7zYIMykehF_0w-38vexs5l
30096,30097,eyJhbGciOiJIUzM4NCJ9.eyJzdWIiOiJwZXJmX3VzZXJfOTIiLCJ1c2VySWQiOjMwMDk2LCJpYXQiOjE3ODA0OTUwNzYsImV4cCI6MTc4MDUwMjI3Nn0.R3kMvTd2W9DDnGC5YCe2IFWdyozSfZXYlz-YTXR2MZj13g5NkNtSun1oZR_XhKWT
30098,30099,eyJhbGciOiJIUzM4NCJ9.eyJzdWIiOiJwZXJmX3VzZXJfOTQiLCJ1c2VySWQiOjMwMDk4LCJpYXQiOjE3ODA0OTUwNzYsImV4cCI6MTc4MDUwMjI3Nn0.la47NnTQI9uhlNZjTDK2-miRqPeH36lLcuODlzcYh3do3THFRVNeap8fwSoW4Xs-
30100,30101,eyJhbGciOiJIUzM4NCJ9.eyJzdWIiOiJwZXJmX3VzZXJfOTYiLCJ1c2VySWQiOjMwMTAwLCJpYXQiOjE3ODA0OTUwNzYsImV4cCI6MTc4MDUwMjI3Nn0.zEgIJmRqnXJspMLzE9WSVPr0WJSbFZsu_pJ_o-nQLDtGYaWNxJaWb6QZpyoc7nId
30102,30103,eyJhbGciOiJIUzM4NCJ9.eyJzdWIiOiJwZXJmX3VzZXJfOTgiLCJ1c2VySWQiOjMwMTAyLCJpYXQiOjE3ODA0OTUwNzYsImV4cCI6MTc4MDUwMjI3Nn0.ybzmFRBpd5anIUb7eB9LUq9mT6eSIeaSXJKkEb0ht3SpBkQ3iH43viYTtG6Uufsn
30104,30105,eyJhbGciOiJIUzM4NCJ9.eyJzdWIiOiJwZXJmX3VzZXJfMTAwIiwidXNlcklkIjozMDEwNCwiaWF0IjoxNzgwNDk1MDc2LCJleHAiOjE3ODA1MDIyNzZ9.XBs3czHfvgDEA3OqLX-7KuNd-qXRT36XKEDIjnVo6_snm8eGMKwExECkRwaUJcVL
30106,30107,eyJhbGciOiJIUzM4NCJ9.eyJzdWIiOiJwZXJmX3VzZXJfMTAyIiwidXNlcklkIjozMDEwNiwiaWF0IjoxNzgwNDk1MDc2LCJleHAiOjE3ODA1MDIyNzZ9.V8ZShSJKSMaC9DWfGibHfOJLBK1LrlP2aoRdDcoZrXYBhkEHLn-GLFxwzRonQRo4
30108,30109,eyJhbGciOiJIUzM4NCJ9.eyJzdWIiOiJwZXJmX3VzZXJfMTA0IiwidXNlcklkIjozMDEwOCwiaWF0IjoxNzgwNDk1MDc2LCJleHAiOjE3ODA1MDIyNzZ9.jyaWKMr4yRit1LgotG8WBZ3yjO_I4sszNUsnXszYKWd7M_nCqwtXfTcqZSAVOrdf
30110,30111,eyJhbGciOiJIUzM4NCJ9.eyJzdWIiOiJwZXJmX3VzZXJfMTA2IiwidXNlcklkIjozMDExMCwiaWF0IjoxNzgwNDk1MDc2LCJleHAiOjE3ODA1MDIyNzZ9.SElYtVThp0uMfh8j-WXksNgfxXNzki0gii4pfqm_eA6LzyofAdaET-y8Xb2aAUFC
30112,30113,eyJhbGciOiJIUzM4NCJ9.eyJzdWIiOiJwZXJmX3VzZXJfMTA4IiwidXNlcklkIjozMDExMiwiaWF0IjoxNzgwNDk1MDc2LCJleHAiOjE3ODA1MDIyNzZ9.AD7dKte6ZGnBsOSlL2kQPop2UxjsiXhXzAElri4UyV2OqwNqwe2mFNWHBWrAy6y5
30114,30115,eyJhbGciOiJIUzM4NCJ9.eyJzdWIiOiJwZXJmX3VzZXJfMTEwIiwidXNlcklkIjozMDExNCwiaWF0IjoxNzgwNDk1MDc2LCJleHAiOjE3ODA1MDIyNzZ9.lSKfaU8bZNjg0OoLD_BC7euXw3gbzy8g9meLdxvcr_tcKElk8XNaESe7laVkMQht
30116,30117,eyJhbGciOiJIUzM4NCJ9.eyJzdWIiOiJwZXJmX3VzZXJfMTEyIiwidXNlcklkIjozMDExNiwiaWF0IjoxNzgwNDk1MDc3LCJleHAiOjE3ODA1MDIyNzd9.XKqEvsUyz12rGfZ9uXRToDQ_J4iddHth6VJhmRPDPBewYnlhemadyXcWkl3DdJcA
30118,30119,eyJhbGciOiJIUzM4NCJ9.eyJzdWIiOiJwZXJmX3VzZXJfMTE0IiwidXNlcklkIjozMDExOCwiaWF0IjoxNzgwNDk1MDc3LCJleHAiOjE3ODA1MDIyNzd9.VJ4Ry2HTaFD-GSzWRRXGP89HeQfPBi0MbIgQtBlzJFxMiNQsg7rcHcv9KYNcF2qG
30120,30121,eyJhbGciOiJIUzM4NCJ9.eyJzdWIiOiJwZXJmX3VzZXJfMTE2IiwidXNlcklkIjozMDEyMCwiaWF0IjoxNzgwNDk1MDc3LCJleHAiOjE3ODA1MDIyNzd9.3QmG7Q6Z9E12Y4saI-BHG3kFQalPllzHCQlFAsTEK9sasA-RPveqOyR48Bb0ewdJ
30122,30123,eyJhbGciOiJIUzM4NCJ9.eyJzdWIiOiJwZXJmX3VzZXJfMTE4IiwidXNlcklkIjozMDEyMiwiaWF0IjoxNzgwNDk1MDc3LCJleHAiOjE3ODA1MDIyNzd9.kLH0va7Z90Q0dDMwV0DP2nkeCSSPklGRTBqgSSHTMiI8XsFQuBR6BBUO4kh0lUDI
30124,30125,eyJhbGciOiJIUzM4NCJ9.eyJzdWIiOiJwZXJmX3VzZXJfMTIwIiwidXNlcklkIjozMDEyNCwiaWF0IjoxNzgwNDk1MDc3LCJleHAiOjE3ODA1MDIyNzd9.DwWRx6NhzTOyX1vKt8sNvtwJB3PqHj6j-KRD-DuMQ_n3BTQ-LW77z8XcU5v0ZR7F
30126,30127,eyJhbGciOiJIUzM4NCJ9.eyJzdWIiOiJwZXJmX3VzZXJfMTIyIiwidXNlcklkIjozMDEyNiwiaWF0IjoxNzgwNDk1MDc3LCJleHAiOjE3ODA1MDIyNzd9.k2hSAQjxmfqP_WyR08BPtXBxju8PRnqXnmYPT_TMpfdBWUsanYr_ECCft4AOKrBH
30128,30129,eyJhbGciOiJIUzM4NCJ9.eyJzdWIiOiJwZXJmX3VzZXJfMTI0IiwidXNlcklkIjozMDEyOCwiaWF0IjoxNzgwNDk1MDc3LCJleHAiOjE3ODA1MDIyNzd9.symnp5vDfG9romcNB4vngzbBvjoECgmMtOPZpx7OkjG3Lrw500gTG2kfYwLfONAW
30130,30131,eyJhbGciOiJIUzM4NCJ9.eyJzdWIiOiJwZXJmX3VzZXJfMTI2IiwidXNlcklkIjozMDEzMCwiaWF0IjoxNzgwNDk1MDc3LCJleHAiOjE3ODA1MDIyNzd9.eQeh3I4vYYSIPstU2TG3I5ojNlHthSqy2FDp8RQ8as9VhosStoi4BuJzcfRDmiz6
30132,30133,eyJhbGciOiJIUzM4NCJ9.eyJzdWIiOiJwZXJmX3VzZXJfMTI4IiwidXNlcklkIjozMDEzMiwiaWF0IjoxNzgwNDk1MDc3LCJleHAiOjE3ODA1MDIyNzd9.kBLHPaxwkpePoYuHuvzGzlTEQnSx1g8RI_dJ3CPWIuyxl3dHqvo3cgK6EBP2Go9z
30134,30135,eyJhbGciOiJIUzM4NCJ9.eyJzdWIiOiJwZXJmX3VzZXJfMTMwIiwidXNlcklkIjozMDEzNCwiaWF0IjoxNzgwNDk1MDc3LCJleHAiOjE3ODA1MDIyNzd9.7dj4VSzzW2FiIeG8PsRE9Y0R0LZNN06h4k5df8T5RbHbgGEuFs7tsjQuLeypx-6l
30136,30137,eyJhbGciOiJIUzM4NCJ9.eyJzdWIiOiJwZXJmX3VzZXJfMTMyIiwidXNlcklkIjozMDEzNiwiaWF0IjoxNzgwNDk1MDc3LCJleHAiOjE3ODA1MDIyNzd9.9SQ5SrxsOXF9Y_6HZ9Wzgxoec5IIZoZ0S4COforOlBBAUKwzDkDw82Fj30rghpcI
30138,30139,eyJhbGciOiJIUzM4NCJ9.eyJzdWIiOiJwZXJmX3VzZXJfMTM0IiwidXNlcklkIjozMDEzOCwiaWF0IjoxNzgwNDk1MDc3LCJleHAiOjE3ODA1MDIyNzd9.9OpO__Cx3hL0vQRphdy9tUQkvnjr6JN3McfTiQnPzSpp5WCxn2qScWu59FaKKHEE
30140,30141,eyJhbGciOiJIUzM4NCJ9.eyJzdWIiOiJwZXJmX3VzZXJfMTM2IiwidXNlcklkIjozMDE0MCwiaWF0IjoxNzgwNDk1MDc3LCJleHAiOjE3ODA1MDIyNzd9.D0vyiWJmolpyDL527YeAAbE9Br3adR17Am_jjLmDwizUx4_c9q-7h414QldwJu-6
30142,30143,eyJhbGciOiJIUzM4NCJ9.eyJzdWIiOiJwZXJmX3VzZXJfMTM4IiwidXNlcklkIjozMDE0MiwiaWF0IjoxNzgwNDk1MDc3LCJleHAiOjE3ODA1MDIyNzd9.os-MQdQrvHNQ3jleVympQiGxnAWnPt1HoLo4HmCVP05_mqmFNjccBAq3NFB39q63
30144,30145,eyJhbGciOiJIUzM4NCJ9.eyJzdWIiOiJwZXJmX3VzZXJfMTQwIiwidXNlcklkIjozMDE0NCwiaWF0IjoxNzgwNDk1MDc3LCJleHAiOjE3ODA1MDIyNzd9.c8Z_aBSNIyW817VaktiX8qLXRDUKad938NumX4bA_JDuQ7oNFU0s52VL_IxqLVuJ
30146,30147,eyJhbGciOiJIUzM4NCJ9.eyJzdWIiOiJwZXJmX3VzZXJfMTQyIiwidXNlcklkIjozMDE0NiwiaWF0IjoxNzgwNDk1MDc3LCJleHAiOjE3ODA1MDIyNzd9.UjychK9PvBpPSyNx7-Jg6LIJ3f3Wqw0HjsF3rWgfoHwCf4HVhOJBUn__lz5XW_xP
30148,30149,eyJhbGciOiJIUzM4NCJ9.eyJzdWIiOiJwZXJmX3VzZXJfMTQ0IiwidXNlcklkIjozMDE0OCwiaWF0IjoxNzgwNDk1MDc3LCJleHAiOjE3ODA1MDIyNzd9.JL3xc_tAGDEHnWsanEvt2tb-Tn9jmU20db9Isyakmcgesud3zjXeJkZZ2osS27Uu
30150,30151,eyJhbGciOiJIUzM4NCJ9.eyJzdWIiOiJwZXJmX3VzZXJfMTQ2IiwidXNlcklkIjozMDE1MCwiaWF0IjoxNzgwNDk1MDc3LCJleHAiOjE3ODA1MDIyNzd9.6OJid7uVGi1jBKOJMXs4OXJvEFYnVaATgPk7w6-XS7jw-2_hQp3yZRECVq0oqiKm
30152,30153,eyJhbGciOiJIUzM4NCJ9.eyJzdWIiOiJwZXJmX3VzZXJfMTQ4IiwidXNlcklkIjozMDE1MiwiaWF0IjoxNzgwNDk1MDc3LCJleHAiOjE3ODA1MDIyNzd9.1Rr-Mrb3-cn9kMdm7H_80_DRPfwZTHWncBthcTabyG0lbfsEBeOl4pqwK2ro6Aem
30154,30155,eyJhbGciOiJIUzM4NCJ9.eyJzdWIiOiJwZXJmX3VzZXJfMTUwIiwidXNlcklkIjozMDE1NCwiaWF0IjoxNzgwNDk1MDc3LCJleHAiOjE3ODA1MDIyNzd9.AwagIdamh2MijDJfpBtvdvmLzY8XhUbUlBoimzb0bq7MNhcjytT8iBpsoxVtt0_2
30156,30157,eyJhbGciOiJIUzM4NCJ9.eyJzdWIiOiJwZXJmX3VzZXJfMTUyIiwidXNlcklkIjozMDE1NiwiaWF0IjoxNzgwNDk1MDc3LCJleHAiOjE3ODA1MDIyNzd9.Dt7a-cQhDFaC6j8MbXv3gO9eMyGOcAe0iHh68Av3hpTrsO87JgHtltU0j6yIYPU2
30158,30159,eyJhbGciOiJIUzM4NCJ9.eyJzdWIiOiJwZXJmX3VzZXJfMTU0IiwidXNlcklkIjozMDE1OCwiaWF0IjoxNzgwNDk1MDc3LCJleHAiOjE3ODA1MDIyNzd9.2tf2xCyGMgrl8QalQm4lK-z9D89tStdhWuSbu5pOpUUVVJvcq7-F1mJY0ScN8xpC
30160,30161,eyJhbGciOiJIUzM4NCJ9.eyJzdWIiOiJwZXJmX3VzZXJfMTU2IiwidXNlcklkIjozMDE2MCwiaWF0IjoxNzgwNDk1MDc3LCJleHAiOjE3ODA1MDIyNzd9.KFYHkgWmPrtqYgp1_jOtxs_TSaT5oD-Y-UMDYX4-weUM_R8pulLfyJYrV1zMDhmw
30162,30163,eyJhbGciOiJIUzM4NCJ9.eyJzdWIiOiJwZXJmX3VzZXJfMTU4IiwidXNlcklkIjozMDE2MiwiaWF0IjoxNzgwNDk1MDc3LCJleHAiOjE3ODA1MDIyNzd9.r5YRcik3rrzePt1cuJANSiYxe7yk2Sf65rvfB_PL-5J9JLP_EJZObmoXXpkoyoTu
30164,30165,eyJhbGciOiJIUzM4NCJ9.eyJzdWIiOiJwZXJmX3VzZXJfMTYwIiwidXNlcklkIjozMDE2NCwiaWF0IjoxNzgwNDk1MDc3LCJleHAiOjE3ODA1MDIyNzd9.PWZc5FXqr9zryaRfacY9WS-RSURGKfMfPkU2LnM_HfaY2Dq5ZHNmwZj0oDCDP3N8
30166,30167,eyJhbGciOiJIUzM4NCJ9.eyJzdWIiOiJwZXJmX3VzZXJfMTYyIiwidXNlcklkIjozMDE2NiwiaWF0IjoxNzgwNDk1MDc3LCJleHAiOjE3ODA1MDIyNzd9.izpZ6BREw_tqRhsijwWDVvlMIpxuipdJoQ24mHnGqw9oDbV1YIk3hAuOFpOtaoOg
30168,30169,eyJhbGciOiJIUzM4NCJ9.eyJzdWIiOiJwZXJmX3VzZXJfMTY0IiwidXNlcklkIjozMDE2OCwiaWF0IjoxNzgwNDk1MDc3LCJleHAiOjE3ODA1MDIyNzd9.Zrq_A_EUCt13dZNT3MOjC0BMQ4Oa7Y7ciON9T-nuFIhHtftrK_cAOp7CWlapNFyZ
30170,30171,eyJhbGciOiJIUzM4NCJ9.eyJzdWIiOiJwZXJmX3VzZXJfMTY2IiwidXNlcklkIjozMDE3MCwiaWF0IjoxNzgwNDk1MDc3LCJleHAiOjE3ODA1MDIyNzd9.I7M2z5W4GFwcVFCtx-7oyflp87YHN_FozeN3G51SulxN0v7CSyTvnMkxtbo7nhv4
30172,30173,eyJhbGciOiJIUzM4NCJ9.eyJzdWIiOiJwZXJmX3VzZXJfMTY4IiwidXNlcklkIjozMDE3MiwiaWF0IjoxNzgwNDk1MDc3LCJleHAiOjE3ODA1MDIyNzd9.51XbyDHUCU53kYwuJTLdBrbS-tqod2S1yHN6DYRNelaCbLZIPnd8fCQ6uAwPQ7sr
30174,30175,eyJhbGciOiJIUzM4NCJ9.eyJzdWIiOiJwZXJmX3VzZXJfMTcwIiwidXNlcklkIjozMDE3NCwiaWF0IjoxNzgwNDk1MDc3LCJleHAiOjE3ODA1MDIyNzd9.OTr-YazilTTWOmNZCr9hEwF19AbX0dbW_R1LaOnBugfedjpYHXs7_IzUCLZg190Z
30176,30177,eyJhbGciOiJIUzM4NCJ9.eyJzdWIiOiJwZXJmX3VzZXJfMTcyIiwidXNlcklkIjozMDE3NiwiaWF0IjoxNzgwNDk1MDc3LCJleHAiOjE3ODA1MDIyNzd9.Gol26tYstDQtYKPWb4ns3WmBKXDU9GUL40wdB2wq8bDEDbCRx9VXvKUgsTojqHdQ
30178,30179,eyJhbGciOiJIUzM4NCJ9.eyJzdWIiOiJwZXJmX3VzZXJfMTc0IiwidXNlcklkIjozMDE3OCwiaWF0IjoxNzgwNDk1MDc3LCJleHAiOjE3ODA1MDIyNzd9.k4h5xyIJNRlkg14HgiCysP0-Qm9gLA7A8ZWi6TllOqbZcO2BYMlbiQU5ehhY1cCI
30180,30181,eyJhbGciOiJIUzM4NCJ9.eyJzdWIiOiJwZXJmX3VzZXJfMTc2IiwidXNlcklkIjozMDE4MCwiaWF0IjoxNzgwNDk1MDc3LCJleHAiOjE3ODA1MDIyNzd9.SR509UNQwp0XZiRsUfLAfTR1lu0yKL-f5AQbJG8_IabGLsswOUbMhpM-K30FvVZp
30182,30183,eyJhbGciOiJIUzM4NCJ9.eyJzdWIiOiJwZXJmX3VzZXJfMTc4IiwidXNlcklkIjozMDE4MiwiaWF0IjoxNzgwNDk1MDc3LCJleHAiOjE3ODA1MDIyNzd9.FPsOAjdm3PrqNMwX3KKzDkZwNo20315bb2Y-Abi7NeR4JrNRXycRgZ-W6_lNnc-X
30184,30185,eyJhbGciOiJIUzM4NCJ9.eyJzdWIiOiJwZXJmX3VzZXJfMTgwIiwidXNlcklkIjozMDE4NCwiaWF0IjoxNzgwNDk1MDc3LCJleHAiOjE3ODA1MDIyNzd9.TJE0AvPOoKYmlTWkr8I5FovR_Nb2oF5L542VPajddu2OJgz88zMoORgk-WjGJR8J
30186,30187,eyJhbGciOiJIUzM4NCJ9.eyJzdWIiOiJwZXJmX3VzZXJfMTgyIiwidXNlcklkIjozMDE4NiwiaWF0IjoxNzgwNDk1MDc3LCJleHAiOjE3ODA1MDIyNzd9.pgHB7V-FKyZiaarYtBW8sHNP0Mc7Ek0Xn1uaikaGM7eO1cKN7jOmO5btyFeG8psd
30188,30189,eyJhbGciOiJIUzM4NCJ9.eyJzdWIiOiJwZXJmX3VzZXJfMTg0IiwidXNlcklkIjozMDE4OCwiaWF0IjoxNzgwNDk1MDc3LCJleHAiOjE3ODA1MDIyNzd9.JYzccdMcsT831On16u99XlcQLPGJm2ldJLcJbn5PbLUtZXEPX9SWoL8UyX2SuXKS
30190,30191,eyJhbGciOiJIUzM4NCJ9.eyJzdWIiOiJwZXJmX3VzZXJfMTg2IiwidXNlcklkIjozMDE5MCwiaWF0IjoxNzgwNDk1MDc3LCJleHAiOjE3ODA1MDIyNzd9.ra2DmwAtn5VgshqqdZOI6GyIcI7PPuBFXoM-SOkgE8p7N_lyEXlfSFg1ic6s4D9o
30192,30193,eyJhbGciOiJIUzM4NCJ9.eyJzdWIiOiJwZXJmX3VzZXJfMTg4IiwidXNlcklkIjozMDE5MiwiaWF0IjoxNzgwNDk1MDc3LCJleHAiOjE3ODA1MDIyNzd9.k1UGAHGIwdLij-lJQWOmtVnSyoltSQezBoRdL8UEmTZTPQJ5oy4kgcQbEpb9MBqC
30194,30195,eyJhbGciOiJIUzM4NCJ9.eyJzdWIiOiJwZXJmX3VzZXJfMTkwIiwidXNlcklkIjozMDE5NCwiaWF0IjoxNzgwNDk1MDc3LCJleHAiOjE3ODA1MDIyNzd9.9HUowaGb4aqeVk07bszt-oXtENm-XNgHMN62aCL91JXtFnKIW2kS69TbmCKyP61R
30196,30197,eyJhbGciOiJIUzM4NCJ9.eyJzdWIiOiJwZXJmX3VzZXJfMTkyIiwidXNlcklkIjozMDE5NiwiaWF0IjoxNzgwNDk1MDc3LCJleHAiOjE3ODA1MDIyNzd9.F_ZqX-mb3PlFWtgNe-DxEbVFRJyh4AzLzdmVOlMXOtPIUDLRadgXdM8DUvVUGBBF
30198,30199,eyJhbGciOiJIUzM4NCJ9.eyJzdWIiOiJwZXJmX3VzZXJfMTk0IiwidXNlcklkIjozMDE5OCwiaWF0IjoxNzgwNDk1MDc3LCJleHAiOjE3ODA1MDIyNzd9.7v2am27XrAKyp6MfoYY7FZ5yiSh2RVMv2Nz-YlqTa3kyaKMMFDdqYxBl1u-G-tjI
30200,30201,eyJhbGciOiJIUzM4NCJ9.eyJzdWIiOiJwZXJmX3VzZXJfMTk2IiwidXNlcklkIjozMDIwMCwiaWF0IjoxNzgwNDk1MDc3LCJleHAiOjE3ODA1MDIyNzd9.fUfzRsOAgtiIgZ1j8-l5BxMiQT8baQEDbvjWaYoxVu4MzwB7j__N3PTsM0cb9bVd
30202,30203,eyJhbGciOiJIUzM4NCJ9.eyJzdWIiOiJwZXJmX3VzZXJfMTk4IiwidXNlcklkIjozMDIwMiwiaWF0IjoxNzgwNDk1MDc3LCJleHAiOjE3ODA1MDIyNzd9.Vvg8nXGwDPiZI3RQAJimpWV6XXKvbjMdSfB2N4Sv80xt2XyqL4Jg_NP7bS78DiR_
30204,30205,eyJhbGciOiJIUzM4NCJ9.eyJzdWIiOiJwZXJmX3VzZXJfMjAwIiwidXNlcklkIjozMDIwNCwiaWF0IjoxNzgwNDk1MDc3LCJleHAiOjE3ODA1MDIyNzd9.jKEI9Vl7pjNuFQZsMOH6usIiEDtKv9r2SlWIJWk5oCyWbiaDqM_1yfK4iCFlQY1u
30206,30207,eyJhbGciOiJIUzM4NCJ9.eyJzdWIiOiJwZXJmX3VzZXJfMjAyIiwidXNlcklkIjozMDIwNiwiaWF0IjoxNzgwNDk1MDc3LCJleHAiOjE3ODA1MDIyNzd9.JzLIx4XHBFvEo4FC9m4JSvGeGqzIe3xE1aZSkZ1CbgZyLGH3JDLpSk24-9Xd9COJ
30208,30209,eyJhbGciOiJIUzM4NCJ9.eyJzdWIiOiJwZXJmX3VzZXJfMjA0IiwidXNlcklkIjozMDIwOCwiaWF0IjoxNzgwNDk1MDc3LCJleHAiOjE3ODA1MDIyNzd9.WSCffFAn5TLlEAJ9FlKObOrJj3JNOLV_p3h9L3tLIrnEQJM5zc8bPDMDLTmUQb-9
30210,30211,eyJhbGciOiJIUzM4NCJ9.eyJzdWIiOiJwZXJmX3VzZXJfMjA2IiwidXNlcklkIjozMDIxMCwiaWF0IjoxNzgwNDk1MDc3LCJleHAiOjE3ODA1MDIyNzd9.gjrwHJTyx5KNNs8-nu-H3rbMzsqQKTXTz0uA5IgJXx3d4UaLsy9u8P18SQ3ZrASq
30212,30213,eyJhbGciOiJIUzM4NCJ9.eyJzdWIiOiJwZXJmX3VzZXJfMjA4IiwidXNlcklkIjozMDIxMiwiaWF0IjoxNzgwNDk1MDc3LCJleHAiOjE3ODA1MDIyNzd9.fRtUU-Mq8e6KkkaLywwY8hGYrF_q_fRgNUTwIyy2cmMqFusV2KURbLviLakcQnFg
30214,30215,eyJhbGciOiJIUzM4NCJ9.eyJzdWIiOiJwZXJmX3VzZXJfMjEwIiwidXNlcklkIjozMDIxNCwiaWF0IjoxNzgwNDk1MDc3LCJleHAiOjE3ODA1MDIyNzd9.t7WwKi_BFb96Nk3Aj8rU2hBWIJQI1Qev9opfg7QpgxkDmdnyiXdpXJTlBavQHivZ
30216,30217,eyJhbGciOiJIUzM4NCJ9.eyJzdWIiOiJwZXJmX3VzZXJfMjEyIiwidXNlcklkIjozMDIxNiwiaWF0IjoxNzgwNDk1MDc3LCJleHAiOjE3ODA1MDIyNzd9.gNXPkNohpINEJUGZXWq4ZPoy7VJ3xEBvNpwOoyNBN76knVdVD59icFOaivsTBfaI
30218,30219,eyJhbGciOiJIUzM4NCJ9.eyJzdWIiOiJwZXJmX3VzZXJfMjE0IiwidXNlcklkIjozMDIxOCwiaWF0IjoxNzgwNDk1MDc3LCJleHAiOjE3ODA1MDIyNzd9.RkuYU1l7cnHk4xfFHd8p51l_Se3VcvfQMTMVocj9PLL1hQ1cEAU0PRANxYEGjlVV
30220,30221,eyJhbGciOiJIUzM4NCJ9.eyJzdWIiOiJwZXJmX3VzZXJfMjE2IiwidXNlcklkIjozMDIyMCwiaWF0IjoxNzgwNDk1MDc3LCJleHAiOjE3ODA1MDIyNzd9.jq3bR0_U6kaLn92pxykFuE1lvi-ZigekJ_YctFGnbmWm27F0MJEINmTWTvY7FFaT
30222,30223,eyJhbGciOiJIUzM4NCJ9.eyJzdWIiOiJwZXJmX3VzZXJfMjE4IiwidXNlcklkIjozMDIyMiwiaWF0IjoxNzgwNDk1MDc3LCJleHAiOjE3ODA1MDIyNzd9.FOvgbBEyA-LR6MKpaSa8Pysse6EL1WSUOdot6adtfMRqE_MuR1uCvMd3CZpLHroV
30224,30225,eyJhbGciOiJIUzM4NCJ9.eyJzdWIiOiJwZXJmX3VzZXJfMjIwIiwidXNlcklkIjozMDIyNCwiaWF0IjoxNzgwNDk1MDc3LCJleHAiOjE3ODA1MDIyNzd9.kaCtoTGESwrGGLOhze_kjB9R0OLlMZDXkBNnW1ijhZJZY4yjbSBIcmZ88FHcUM0Z
30226,30227,eyJhbGciOiJIUzM4NCJ9.eyJzdWIiOiJwZXJmX3VzZXJfMjIyIiwidXNlcklkIjozMDIyNiwiaWF0IjoxNzgwNDk1MDc3LCJleHAiOjE3ODA1MDIyNzd9.W5DDHTz5CTdL8dkcYWY3rFiio9BVOWhEr8H8-Vp5kOUoaBCTNJpe7-S18cpS8RGi
30228,30229,eyJhbGciOiJIUzM4NCJ9.eyJzdWIiOiJwZXJmX3VzZXJfMjI0IiwidXNlcklkIjozMDIyOCwiaWF0IjoxNzgwNDk1MDc3LCJleHAiOjE3ODA1MDIyNzd9.9HBHbE0aRChzRnZcaWeuRfXLEKPuKoEccxUHxFXjR90Vp3mMBBr0ydmpdx4lSm0w
30230,30231,eyJhbGciOiJIUzM4NCJ9.eyJzdWIiOiJwZXJmX3VzZXJfMjI2IiwidXNlcklkIjozMDIzMCwiaWF0IjoxNzgwNDk1MDc3LCJleHAiOjE3ODA1MDIyNzd9.-HzqFNsYD6KrpACWfn5W90RRkLKt8O6IoNZTzbLKfZM3RKDrt9kq4Ri47Vgnh3ma
30232,30233,eyJhbGciOiJIUzM4NCJ9.eyJzdWIiOiJwZXJmX3VzZXJfMjI4IiwidXNlcklkIjozMDIzMiwiaWF0IjoxNzgwNDk1MDc3LCJleHAiOjE3ODA1MDIyNzd9.4BJcXlLn3Z0wjP2siax0_Elx8r6vG2Bx9_e_0IcxwqQ0XQzOPC_mrYUPPGPZViFH
30234,30235,eyJhbGciOiJIUzM4NCJ9.eyJzdWIiOiJwZXJmX3VzZXJfMjMwIiwidXNlcklkIjozMDIzNCwiaWF0IjoxNzgwNDk1MDc3LCJleHAiOjE3ODA1MDIyNzd9.DqjLKaXU8RQNjGtICazXZLRPosvKW7QIUaBIVtYBZpEk1BhwszlgpqNrdMj-8Gow
30236,30237,eyJhbGciOiJIUzM4NCJ9.eyJzdWIiOiJwZXJmX3VzZXJfMjMyIiwidXNlcklkIjozMDIzNiwiaWF0IjoxNzgwNDk1MDc3LCJleHAiOjE3ODA1MDIyNzd9.kiJto9buVX2Q866031H455d3ZWg7QP687mAap_4mokjyGYaqZ03eJDmMgRK4-ioj
30238,30239,eyJhbGciOiJIUzM4NCJ9.eyJzdWIiOiJwZXJmX3VzZXJfMjM0IiwidXNlcklkIjozMDIzOCwiaWF0IjoxNzgwNDk1MDc3LCJleHAiOjE3ODA1MDIyNzd9.ctekUztA2InwK_6muBW-5z-MqyNKnVnmbtEAQpKnwLvTs61CbWravy3-i1HgkRr6
30240,30241,eyJhbGciOiJIUzM4NCJ9.eyJzdWIiOiJwZXJmX3VzZXJfMjM2IiwidXNlcklkIjozMDI0MCwiaWF0IjoxNzgwNDk1MDc3LCJleHAiOjE3ODA1MDIyNzd9.lIX8PkkOnG8mdQPILrUiIeacXy5aVOu17wGlwFutmEY8xiQYuNcqemWm90co4_1y
30242,30243,eyJhbGciOiJIUzM4NCJ9.eyJzdWIiOiJwZXJmX3VzZXJfMjM4IiwidXNlcklkIjozMDI0MiwiaWF0IjoxNzgwNDk1MDc3LCJleHAiOjE3ODA1MDIyNzd9.neBB71V9uQ4ebnvZuwYOJK3HhUizhnK-Eo_KwKNYPMj-HP65Vnge3UVhFMiPypvh
30244,30245,eyJhbGciOiJIUzM4NCJ9.eyJzdWIiOiJwZXJmX3VzZXJfMjQwIiwidXNlcklkIjozMDI0NCwiaWF0IjoxNzgwNDk1MDc3LCJleHAiOjE3ODA1MDIyNzd9.iJ4cmPYr_WQw_8kYHKCbph7iHjoRvzBsiwOHZ5RTNtAOkCuDWXLH32Q2rdVW2cjW
30246,30247,eyJhbGciOiJIUzM4NCJ9.eyJzdWIiOiJwZXJmX3VzZXJfMjQyIiwidXNlcklkIjozMDI0NiwiaWF0IjoxNzgwNDk1MDc3LCJleHAiOjE3ODA1MDIyNzd9.jZ_Mn37pqS39UOQjYJ8F54O2pcdufucILStCw3gHaRiIp_NRQxDcxgdqsOu1XaPy
30248,30249,eyJhbGciOiJIUzM4NCJ9.eyJzdWIiOiJwZXJmX3VzZXJfMjQ0IiwidXNlcklkIjozMDI0OCwiaWF0IjoxNzgwNDk1MDc3LCJleHAiOjE3ODA1MDIyNzd9.89KZomoEmTeSuTvC9rxueHcOwNebtkDYLax5o-PwYax21CYZscvMjEXHKZ_bslCj
30250,30251,eyJhbGciOiJIUzM4NCJ9.eyJzdWIiOiJwZXJmX3VzZXJfMjQ2IiwidXNlcklkIjozMDI1MCwiaWF0IjoxNzgwNDk1MDc3LCJleHAiOjE3ODA1MDIyNzd9.gcphaAG-kO3X1n60RbIfWNQ2dKTNMrIlp41hIYWsTbslCW3SxVW6G9aMidIE3Ty2
30252,30253,eyJhbGciOiJIUzM4NCJ9.eyJzdWIiOiJwZXJmX3VzZXJfMjQ4IiwidXNlcklkIjozMDI1MiwiaWF0IjoxNzgwNDk1MDc3LCJleHAiOjE3ODA1MDIyNzd9.hC6CC1dCyy2vJVXbWBnwJZlvECKmO-lYp1nS5s52Idg2VNu1vDev1T4bEHvG1Pt7
30254,30255,eyJhbGciOiJIUzM4NCJ9.eyJzdWIiOiJwZXJmX3VzZXJfMjUwIiwidXNlcklkIjozMDI1NCwiaWF0IjoxNzgwNDk1MDc3LCJleHAiOjE3ODA1MDIyNzd9.2fgYQ2hQWAfVlRljfYsVJXpfy6eVBtq9z_61YWjkjop6huD8XDzyHkWvCa4NoZRq
30256,30257,eyJhbGciOiJIUzM4NCJ9.eyJzdWIiOiJwZXJmX3VzZXJfMjUyIiwidXNlcklkIjozMDI1NiwiaWF0IjoxNzgwNDk1MDc3LCJleHAiOjE3ODA1MDIyNzd9.VKbCmn4kJMjoRfajtMNp-Kh8skCivtOQJ1T9HFLPTl7V-mNYMXRnFBKtDeE_9Ro-
30258,30259,eyJhbGciOiJIUzM4NCJ9.eyJzdWIiOiJwZXJmX3VzZXJfMjU0IiwidXNlcklkIjozMDI1OCwiaWF0IjoxNzgwNDk1MDc3LCJleHAiOjE3ODA1MDIyNzd9.F3zhoE524S5U-CN6vDC416MwidOV79x8DZmXbnUEoyVzTyobYNew4jU692XsDxrN
30260,30261,eyJhbGciOiJIUzM4NCJ9.eyJzdWIiOiJwZXJmX3VzZXJfMjU2IiwidXNlcklkIjozMDI2MCwiaWF0IjoxNzgwNDk1MDc3LCJleHAiOjE3ODA1MDIyNzd9.pZZywWoXmdiaexfdnw9Q9aicpomNHb8xrNtitjT0wdouUCeLTU1LAQ4CZGk_fz0I
30262,30263,eyJhbGciOiJIUzM4NCJ9.eyJzdWIiOiJwZXJmX3VzZXJfMjU4IiwidXNlcklkIjozMDI2MiwiaWF0IjoxNzgwNDk1MDc3LCJleHAiOjE3ODA1MDIyNzd9.etpOUTB-zLzPmg17HnHHM_jbzJ256oCvlToaa3a6pCfaBCansnl1Ga7_21zZEi73
30264,30265,eyJhbGciOiJIUzM4NCJ9.eyJzdWIiOiJwZXJmX3VzZXJfMjYwIiwidXNlcklkIjozMDI2NCwiaWF0IjoxNzgwNDk1MDc3LCJleHAiOjE3ODA1MDIyNzd9.DGLKQAmgbEGawqY6LTqkj5LRK6NWhMfx6rL9EjVh4vRm_8mXWEo8GJNe06gX3O6l
30266,30267,eyJhbGciOiJIUzM4NCJ9.eyJzdWIiOiJwZXJmX3VzZXJfMjYyIiwidXNlcklkIjozMDI2NiwiaWF0IjoxNzgwNDk1MDc3LCJleHAiOjE3ODA1MDIyNzd9.5eAbfcGapjoWQVmY6j7Y2dQLAANynea-_jviAedJ9YDtKyLmldQp-jX_P8T8X9Vx
30268,30269,eyJhbGciOiJIUzM4NCJ9.eyJzdWIiOiJwZXJmX3VzZXJfMjY0IiwidXNlcklkIjozMDI2OCwiaWF0IjoxNzgwNDk1MDc3LCJleHAiOjE3ODA1MDIyNzd9.u9xYKiezccB3bZnS2eLJ2mRNTo2X8WyeiBkzFQZure8FA0qFHkQZgLnZM33akVSW
30270,30271,eyJhbGciOiJIUzM4NCJ9.eyJzdWIiOiJwZXJmX3VzZXJfMjY2IiwidXNlcklkIjozMDI3MCwiaWF0IjoxNzgwNDk1MDc3LCJleHAiOjE3ODA1MDIyNzd9.0ouvFrS0-pmli-fYXnK7C6GObpyV_1XNxAtjIRKePYdpCdEbOfB8MMWaVJUfrY3l
30272,30273,eyJhbGciOiJIUzM4NCJ9.eyJzdWIiOiJwZXJmX3VzZXJfMjY4IiwidXNlcklkIjozMDI3MiwiaWF0IjoxNzgwNDk1MDc3LCJleHAiOjE3ODA1MDIyNzd9.2qFFUamZAF3aq_zKtcbmjAlogELPdIxIAvONe6mnESyJpiU_Ym4Emsxf3hsRNx64
30274,30275,eyJhbGciOiJIUzM4NCJ9.eyJzdWIiOiJwZXJmX3VzZXJfMjcwIiwidXNlcklkIjozMDI3NCwiaWF0IjoxNzgwNDk1MDc3LCJleHAiOjE3ODA1MDIyNzd9.qGbN7eVcXthmPPEqhq-LazIG4cAWnYcskJEdVkuE2GJ0j4KKxLRJNw7F-aM_iCqN
30276,30277,eyJhbGciOiJIUzM4NCJ9.eyJzdWIiOiJwZXJmX3VzZXJfMjcyIiwidXNlcklkIjozMDI3NiwiaWF0IjoxNzgwNDk1MDc3LCJleHAiOjE3ODA1MDIyNzd9.DZuxI-_hWTX8Aj9s3tvLgOt97Yx0VEug7XErMLE1zK3_zjTe0TnNFYW0vum1ab7x
30278,30279,eyJhbGciOiJIUzM4NCJ9.eyJzdWIiOiJwZXJmX3VzZXJfMjc0IiwidXNlcklkIjozMDI3OCwiaWF0IjoxNzgwNDk1MDc3LCJleHAiOjE3ODA1MDIyNzd9.mzGoGhpf9IjIGMaJHye2XO9slgoudGw0WG9ReNc5O9rgHfqQVuHVTINgNcyzUrlo
30280,30281,eyJhbGciOiJIUzM4NCJ9.eyJzdWIiOiJwZXJmX3VzZXJfMjc2IiwidXNlcklkIjozMDI4MCwiaWF0IjoxNzgwNDk1MDc3LCJleHAiOjE3ODA1MDIyNzd9.-e-tiQWiuHKYfGwTWJYjR_Cyo2M8lrEYv_PH0pLlmN77Txg8DBtvIW7qucKqswEs
30282,30283,eyJhbGciOiJIUzM4NCJ9.eyJzdWIiOiJwZXJmX3VzZXJfMjc4IiwidXNlcklkIjozMDI4MiwiaWF0IjoxNzgwNDk1MDc3LCJleHAiOjE3ODA1MDIyNzd9.0TtBrxBsVbQdKiqWbMXNuenqc5ETj3ytid0N1T7f8O-_GKPDiujcuTHajHSNYaUF
30284,30285,eyJhbGciOiJIUzM4NCJ9.eyJzdWIiOiJwZXJmX3VzZXJfMjgwIiwidXNlcklkIjozMDI4NCwiaWF0IjoxNzgwNDk1MDc3LCJleHAiOjE3ODA1MDIyNzd9.jA9JCHTVSaOLgBhEJIGy1ActmkpwVSCyydl3pDGYxat8KPc_F09oSItrSbWj5fsf
30286,30287,eyJhbGciOiJIUzM4NCJ9.eyJzdWIiOiJwZXJmX3VzZXJfMjgyIiwidXNlcklkIjozMDI4NiwiaWF0IjoxNzgwNDk1MDc3LCJleHAiOjE3ODA1MDIyNzd9.Dy92uTkkd1HYUs9O4GWmqynzCUvL6bSg9f19G60vNirogfgSqqR9cq96m8L_tDYG
30288,30289,eyJhbGciOiJIUzM4NCJ9.eyJzdWIiOiJwZXJmX3VzZXJfMjg0IiwidXNlcklkIjozMDI4OCwiaWF0IjoxNzgwNDk1MDc3LCJleHAiOjE3ODA1MDIyNzd9.q2B7S9slSsnMclro0r3hPxQKGuWEGfIfiEh54z7PoGnvXO04YCBu5Sm1qrGuvYUN
30290,30291,eyJhbGciOiJIUzM4NCJ9.eyJzdWIiOiJwZXJmX3VzZXJfMjg2IiwidXNlcklkIjozMDI5MCwiaWF0IjoxNzgwNDk1MDc3LCJleHAiOjE3ODA1MDIyNzd9.TAbMUnID-3sAxJ2ljLLXd7gar68EhwaNhDETF34UFMQsRhmagrlxpxYWfYoRtEm4
30292,30293,eyJhbGciOiJIUzM4NCJ9.eyJzdWIiOiJwZXJmX3VzZXJfMjg4IiwidXNlcklkIjozMDI5MiwiaWF0IjoxNzgwNDk1MDc3LCJleHAiOjE3ODA1MDIyNzd9.UYG5t4b4nGGm0Gj_x04VHQhgiFtPmr4WUMPMRZtfZ8IE9biO_koeRusqXH-yKDCK
30294,30295,eyJhbGciOiJIUzM4NCJ9.eyJzdWIiOiJwZXJmX3VzZXJfMjkwIiwidXNlcklkIjozMDI5NCwiaWF0IjoxNzgwNDk1MDc3LCJleHAiOjE3ODA1MDIyNzd9.q2TXr3cSH9nF19UEhyP13wZXxn8swfobKVpE4vchn1LeDsAUmRyg-DuDqAsCkhO9
30296,30297,eyJhbGciOiJIUzM4NCJ9.eyJzdWIiOiJwZXJmX3VzZXJfMjkyIiwidXNlcklkIjozMDI5NiwiaWF0IjoxNzgwNDk1MDc3LCJleHAiOjE3ODA1MDIyNzd9.R6jKgEsPTQ7J9Ir4cdz-8rqZTTK79NsJi4onZ2it4LCf36BXhOI0ctT4Ndx6gera
30298,30299,eyJhbGciOiJIUzM4NCJ9.eyJzdWIiOiJwZXJmX3VzZXJfMjk0IiwidXNlcklkIjozMDI5OCwiaWF0IjoxNzgwNDk1MDc3LCJleHAiOjE3ODA1MDIyNzd9.Azcl1AC5KhSGZG9FU0X2SaYnWcari1arwulXka_hdDNjVLOPU1GiJivxyJDGLguY
30300,30301,eyJhbGciOiJIUzM4NCJ9.eyJzdWIiOiJwZXJmX3VzZXJfMjk2IiwidXNlcklkIjozMDMwMCwiaWF0IjoxNzgwNDk1MDc3LCJleHAiOjE3ODA1MDIyNzd9.bhG9vBAbASZp40bFsaTjqfCRIPqybHWFlig6QZVQiGKBRNnEtAlDTpxCTajRtW6V
30302,30303,eyJhbGciOiJIUzM4NCJ9.eyJzdWIiOiJwZXJmX3VzZXJfMjk4IiwidXNlcklkIjozMDMwMiwiaWF0IjoxNzgwNDk1MDc3LCJleHAiOjE3ODA1MDIyNzd9.qUKQL5LYXPuba0Jz3EyJO7R9y7l-Ze280R_s_1VgH5C9nUUr9TQVv-m6hgZnMtoE
30304,30305,eyJhbGciOiJIUzM4NCJ9.eyJzdWIiOiJwZXJmX3VzZXJfMzAwIiwidXNlcklkIjozMDMwNCwiaWF0IjoxNzgwNDk1MDc3LCJleHAiOjE3ODA1MDIyNzd9.c1LSH2xchLb6oMdQHNLsKV4a_xhPYbY48uU_CPTGZq2ICNGodwvw2rgPzuFV1KpD
30306,30307,eyJhbGciOiJIUzM4NCJ9.eyJzdWIiOiJwZXJmX3VzZXJfMzAyIiwidXNlcklkIjozMDMwNiwiaWF0IjoxNzgwNDk1MDc3LCJleHAiOjE3ODA1MDIyNzd9.mqlMDviJJAQ-KZyblS2FcUXVUqdDrdBHA-BmYkqr_yJZNi9tD2oQ_aAW1nx_Ycgt
30308,30309,eyJhbGciOiJIUzM4NCJ9.eyJzdWIiOiJwZXJmX3VzZXJfMzA0IiwidXNlcklkIjozMDMwOCwiaWF0IjoxNzgwNDk1MDc3LCJleHAiOjE3ODA1MDIyNzd9.KCxC4RKc_jjBGpJ7Og-hKmYYyDqpj8Z8F3TVM4Bc9J8lcvyHdwFp7oS65IXGNi3o
30310,30311,eyJhbGciOiJIUzM4NCJ9.eyJzdWIiOiJwZXJmX3VzZXJfMzA2IiwidXNlcklkIjozMDMxMCwiaWF0IjoxNzgwNDk1MDc3LCJleHAiOjE3ODA1MDIyNzd9.93PW9HUSAQZUnPjbdcsoqZNLAjiCYu8_5KcPkrpmrXLdjs7xytsNfXYA8XEy6-rI
30312,30313,eyJhbGciOiJIUzM4NCJ9.eyJzdWIiOiJwZXJmX3VzZXJfMzA4IiwidXNlcklkIjozMDMxMiwiaWF0IjoxNzgwNDk1MDc3LCJleHAiOjE3ODA1MDIyNzd9.aLa4sy_7XlUdPj8QXqwnBbH8ljOeH62XLp6IBPXm3S-o6me0RqDHAcraMg6W73El
30314,30315,eyJhbGciOiJIUzM4NCJ9.eyJzdWIiOiJwZXJmX3VzZXJfMzEwIiwidXNlcklkIjozMDMxNCwiaWF0IjoxNzgwNDk1MDc3LCJleHAiOjE3ODA1MDIyNzd9.L5CVxzh_r0cpCMX40BImfS8nkXTnLjyHzmjl5ewV7_cAT5Q162j7fEj94EzFFJZm
30316,30317,eyJhbGciOiJIUzM4NCJ9.eyJzdWIiOiJwZXJmX3VzZXJfMzEyIiwidXNlcklkIjozMDMxNiwiaWF0IjoxNzgwNDk1MDc3LCJleHAiOjE3ODA1MDIyNzd9.TWjhT33dHtzscbbiYfNDDjKqxcd9423nDaCwEZnnhxn-5_SEQPlEXmT0JBm-Xcr8
30318,30319,eyJhbGciOiJIUzM4NCJ9.eyJzdWIiOiJwZXJmX3VzZXJfMzE0IiwidXNlcklkIjozMDMxOCwiaWF0IjoxNzgwNDk1MDc3LCJleHAiOjE3ODA1MDIyNzd9.DaAX0XTZ046zR44ip8E5NhyRQ85lLihPZh5-pZZPf30ADwddYflu6oM4gZnCAYug
30320,30321,eyJhbGciOiJIUzM4NCJ9.eyJzdWIiOiJwZXJmX3VzZXJfMzE2IiwidXNlcklkIjozMDMyMCwiaWF0IjoxNzgwNDk1MDc3LCJleHAiOjE3ODA1MDIyNzd9.X4p45TfC1aUFqf4iavvNegJRHmXm2KrdiJP7kLLY2bSc9cGcubUYk_10Go6opCBu
30322,30323,eyJhbGciOiJIUzM4NCJ9.eyJzdWIiOiJwZXJmX3VzZXJfMzE4IiwidXNlcklkIjozMDMyMiwiaWF0IjoxNzgwNDk1MDc3LCJleHAiOjE3ODA1MDIyNzd9.4nOIIif4QtxEe6nVb0dk2p-NPXxaFE0gb-AE1Dj-4jstgLfYVcvkOGF7rq_AP8V9
30324,30325,eyJhbGciOiJIUzM4NCJ9.eyJzdWIiOiJwZXJmX3VzZXJfMzIwIiwidXNlcklkIjozMDMyNCwiaWF0IjoxNzgwNDk1MDc3LCJleHAiOjE3ODA1MDIyNzd9.fnfgIBA3FVOVCnwqJUI2wmexkGvncGmi_7fO6RrMESkr-WdJ3OmQOS5eseh930kK
30326,30327,eyJhbGciOiJIUzM4NCJ9.eyJzdWIiOiJwZXJmX3VzZXJfMzIyIiwidXNlcklkIjozMDMyNiwiaWF0IjoxNzgwNDk1MDc3LCJleHAiOjE3ODA1MDIyNzd9.CQUp8dhydnkpW4bjApewwhG7KkvEqQzKKK_chMgKFCGIiq5f1KHGYXoTlcAMwstA
30328,30329,eyJhbGciOiJIUzM4NCJ9.eyJzdWIiOiJwZXJmX3VzZXJfMzI0IiwidXNlcklkIjozMDMyOCwiaWF0IjoxNzgwNDk1MDc3LCJleHAiOjE3ODA1MDIyNzd9.OSGphKCu11cTspE1gy_w4o-65v52KhEJW9L7Epv7igSpsiOLtklUBA7MlD69Tk2B
30330,30331,eyJhbGciOiJIUzM4NCJ9.eyJzdWIiOiJwZXJmX3VzZXJfMzI2IiwidXNlcklkIjozMDMzMCwiaWF0IjoxNzgwNDk1MDc3LCJleHAiOjE3ODA1MDIyNzd9.bLAAZcaNGffWfs_yXfL6bEZBPNFQBA54eFtyF79_r2b-cGIYrxfBdl5zVlN3VdQm
30332,30333,eyJhbGciOiJIUzM4NCJ9.eyJzdWIiOiJwZXJmX3VzZXJfMzI4IiwidXNlcklkIjozMDMzMiwiaWF0IjoxNzgwNDk1MDc3LCJleHAiOjE3ODA1MDIyNzd9.n4Y3oU1Pn5k-h2vfg0zaIbDq2AJG1wY8rDvy__Hv7sBffQ-vsSazNjjZSaI1NzuK
30334,30335,eyJhbGciOiJIUzM4NCJ9.eyJzdWIiOiJwZXJmX3VzZXJfMzMwIiwidXNlcklkIjozMDMzNCwiaWF0IjoxNzgwNDk1MDc3LCJleHAiOjE3ODA1MDIyNzd9.SZPpVTkCp361JPRn1UZ9o8pJaxzvTAMnfFyWYTeJqCwmo33oft_HRx8wKPXA7x89
30336,30337,eyJhbGciOiJIUzM4NCJ9.eyJzdWIiOiJwZXJmX3VzZXJfMzMyIiwidXNlcklkIjozMDMzNiwiaWF0IjoxNzgwNDk1MDc3LCJleHAiOjE3ODA1MDIyNzd9.D0qSmc-2RgL61Svpky0lRFl_CEuYNDcNGpSswcR_3X72nPCq0rQJnZPZDScMlKZj
30338,30339,eyJhbGciOiJIUzM4NCJ9.eyJzdWIiOiJwZXJmX3VzZXJfMzM0IiwidXNlcklkIjozMDMzOCwiaWF0IjoxNzgwNDk1MDc3LCJleHAiOjE3ODA1MDIyNzd9.EQRJ1HvTd8VFu7V9Dy-uDJ1K1VAmP7IphoDjaBK4UBsZD_oxO23fli1GeTTdDYIM
30340,30341,eyJhbGciOiJIUzM4NCJ9.eyJzdWIiOiJwZXJmX3VzZXJfMzM2IiwidXNlcklkIjozMDM0MCwiaWF0IjoxNzgwNDk1MDc3LCJleHAiOjE3ODA1MDIyNzd9.67MDSYAcF4ZpmX1zVbSV79VJf9H48yAmL9EZ-7wTGcVnmUKdtNOSkenyOUYeRrTH
30342,30343,eyJhbGciOiJIUzM4NCJ9.eyJzdWIiOiJwZXJmX3VzZXJfMzM4IiwidXNlcklkIjozMDM0MiwiaWF0IjoxNzgwNDk1MDc3LCJleHAiOjE3ODA1MDIyNzd9.SJFDETr11n1ryAdoKYYgjSE7tWWGgldoOe1qq6i3uOyCyWjd-l_ICJh9Gyb16ZmL
30344,30345,eyJhbGciOiJIUzM4NCJ9.eyJzdWIiOiJwZXJmX3VzZXJfMzQwIiwidXNlcklkIjozMDM0NCwiaWF0IjoxNzgwNDk1MDc3LCJleHAiOjE3ODA1MDIyNzd9.6p7j55zQOc7ner9kCNlNwseTAWj5JmSiAzZbUaLVuiHlNvpiU5h-KocMvqirxlCi
30346,30347,eyJhbGciOiJIUzM4NCJ9.eyJzdWIiOiJwZXJmX3VzZXJfMzQyIiwidXNlcklkIjozMDM0NiwiaWF0IjoxNzgwNDk1MDc3LCJleHAiOjE3ODA1MDIyNzd9.gL7b-0xL3Ins2-VtML8wH38bA9qZPyFfqI6qM4UQiCjTuvILu7mPvPVkZEpFK4a-
30348,30349,eyJhbGciOiJIUzM4NCJ9.eyJzdWIiOiJwZXJmX3VzZXJfMzQ0IiwidXNlcklkIjozMDM0OCwiaWF0IjoxNzgwNDk1MDc3LCJleHAiOjE3ODA1MDIyNzd9.AUrHt0qPk-DzfSZKZj2p9-ZGMypIS7jHrmsJoNHMoVYdrxB0c6zaAadVmf0ro7UY
30350,30351,eyJhbGciOiJIUzM4NCJ9.eyJzdWIiOiJwZXJmX3VzZXJfMzQ2IiwidXNlcklkIjozMDM1MCwiaWF0IjoxNzgwNDk1MDc3LCJleHAiOjE3ODA1MDIyNzd9._LnzeQGjmK50UNZNWEkO21B3Ho29LlQ2uMAyb49pAV8KIX0PIbv1L9C26Q386wm9
30352,30353,eyJhbGciOiJIUzM4NCJ9.eyJzdWIiOiJwZXJmX3VzZXJfMzQ4IiwidXNlcklkIjozMDM1MiwiaWF0IjoxNzgwNDk1MDc3LCJleHAiOjE3ODA1MDIyNzd9.0tA1yx01_FJAykN95ZqY1CFNzgwGJGeWfBKnjO0KZQuL5KxOKjPRXKAGyciciTmD
30354,30355,eyJhbGciOiJIUzM4NCJ9.eyJzdWIiOiJwZXJmX3VzZXJfMzUwIiwidXNlcklkIjozMDM1NCwiaWF0IjoxNzgwNDk1MDc3LCJleHAiOjE3ODA1MDIyNzd9.Cj4l575dnKzy3udSaWvwceEzaF283jLjk2y5j9IgEg4Ed_H-UgmPxmwxxA7BNsVL
30356,30357,eyJhbGciOiJIUzM4NCJ9.eyJzdWIiOiJwZXJmX3VzZXJfMzUyIiwidXNlcklkIjozMDM1NiwiaWF0IjoxNzgwNDk1MDc3LCJleHAiOjE3ODA1MDIyNzd9.0wECksBYpLAr6hak9q-SaQvSEx5ZBMGWVIiMg9FZmtw_ICPCuHEvmkP3fFK4eAmY
30358,30359,eyJhbGciOiJIUzM4NCJ9.eyJzdWIiOiJwZXJmX3VzZXJfMzU0IiwidXNlcklkIjozMDM1OCwiaWF0IjoxNzgwNDk1MDc3LCJleHAiOjE3ODA1MDIyNzd9.nGCFB5-YEmwPuYJALHO0u5YxnCn8Z5CpsBHTcL7GWTBZw9gFGPZfY9DFMFAy6Djs
30360,30361,eyJhbGciOiJIUzM4NCJ9.eyJzdWIiOiJwZXJmX3VzZXJfMzU2IiwidXNlcklkIjozMDM2MCwiaWF0IjoxNzgwNDk1MDc3LCJleHAiOjE3ODA1MDIyNzd9.yETF9O53N8av2rBG64efgEhvMQjTMxBMV2G7amWU2oyQun-C7Agmf22NTTdLbAeL
30362,30363,eyJhbGciOiJIUzM4NCJ9.eyJzdWIiOiJwZXJmX3VzZXJfMzU4IiwidXNlcklkIjozMDM2MiwiaWF0IjoxNzgwNDk1MDc3LCJleHAiOjE3ODA1MDIyNzd9.Ky3LmxaL5d9L8pLWNWjtTyCTMOyA2Xj4sfcsEkkcoQZQsQzi_b_WI0RN6yPlAjTY
30364,30365,eyJhbGciOiJIUzM4NCJ9.eyJzdWIiOiJwZXJmX3VzZXJfMzYwIiwidXNlcklkIjozMDM2NCwiaWF0IjoxNzgwNDk1MDc3LCJleHAiOjE3ODA1MDIyNzd9.--qhtgExQnDDGmSQDyTWe3X80ht4yngFseoRA6wFHoCLXgnLlhaadchpBKBuOc6T
30366,30367,eyJhbGciOiJIUzM4NCJ9.eyJzdWIiOiJwZXJmX3VzZXJfMzYyIiwidXNlcklkIjozMDM2NiwiaWF0IjoxNzgwNDk1MDc3LCJleHAiOjE3ODA1MDIyNzd9.wchu3PyCTDxtnZliOtZ3yTRt1NpS6-nAtTrN3iSh3T2aNttgiRIrmha2DXJr6YmS
30368,30369,eyJhbGciOiJIUzM4NCJ9.eyJzdWIiOiJwZXJmX3VzZXJfMzY0IiwidXNlcklkIjozMDM2OCwiaWF0IjoxNzgwNDk1MDc3LCJleHAiOjE3ODA1MDIyNzd9.VB9LuEkobPUIsuvsu1wlZXtXXLHfNveASBVcW91zfHFF-L4jRLjfnApDZfjW_NO5
30370,30371,eyJhbGciOiJIUzM4NCJ9.eyJzdWIiOiJwZXJmX3VzZXJfMzY2IiwidXNlcklkIjozMDM3MCwiaWF0IjoxNzgwNDk1MDc3LCJleHAiOjE3ODA1MDIyNzd9.0zLbJwacvcHCZAH7tsIdn-cKWmclC2BgYwtceaGYdzp0ihXJ6csZSBP9a_HQtHtQ
30372,30373,eyJhbGciOiJIUzM4NCJ9.eyJzdWIiOiJwZXJmX3VzZXJfMzY4IiwidXNlcklkIjozMDM3MiwiaWF0IjoxNzgwNDk1MDc3LCJleHAiOjE3ODA1MDIyNzd9.ASV6Lwt3TSc9G9Mg08Bcl_sxOOHHAVbmDpR0cmwd-0mVSsSJS08N9FEctPX0d8lB
30374,30375,eyJhbGciOiJIUzM4NCJ9.eyJzdWIiOiJwZXJmX3VzZXJfMzcwIiwidXNlcklkIjozMDM3NCwiaWF0IjoxNzgwNDk1MDc3LCJleHAiOjE3ODA1MDIyNzd9.TIFJ7MKaxbbUSvDbsW_2VUGw8F6SoCU_YJ82glliyYZiXhnhfETOrMGKXq12Luk2
30376,30377,eyJhbGciOiJIUzM4NCJ9.eyJzdWIiOiJwZXJmX3VzZXJfMzcyIiwidXNlcklkIjozMDM3NiwiaWF0IjoxNzgwNDk1MDc3LCJleHAiOjE3ODA1MDIyNzd9.JsgjWrKHpb3KolKbcXnJ-RN_xdQuLZyPm0B-ITLwk1W4MF31YB2Kt4dufAn_UgN4
30378,30379,eyJhbGciOiJIUzM4NCJ9.eyJzdWIiOiJwZXJmX3VzZXJfMzc0IiwidXNlcklkIjozMDM3OCwiaWF0IjoxNzgwNDk1MDc3LCJleHAiOjE3ODA1MDIyNzd9.xsiXiN49lCCmizQaCZ-1-3xOBX8KEqjBt0rBrljUj-Y5Lx1UPXAuvVPnA75hQSR9
30380,30381,eyJhbGciOiJIUzM4NCJ9.eyJzdWIiOiJwZXJmX3VzZXJfMzc2IiwidXNlcklkIjozMDM4MCwiaWF0IjoxNzgwNDk1MDc3LCJleHAiOjE3ODA1MDIyNzd9.peGUPNvnEyECE75voFUJeW8jcw-xwCIFIltmsRq1X2gx8FtOmCeQJLnolhOG-KSJ
30382,30383,eyJhbGciOiJIUzM4NCJ9.eyJzdWIiOiJwZXJmX3VzZXJfMzc4IiwidXNlcklkIjozMDM4MiwiaWF0IjoxNzgwNDk1MDc3LCJleHAiOjE3ODA1MDIyNzd9.2xLixYgrnExaXdpPPhLkBMpURQc_UAOSRuIrPuUyxUdb3nIVHGAj1TSAF1tggsui
30384,30385,eyJhbGciOiJIUzM4NCJ9.eyJzdWIiOiJwZXJmX3VzZXJfMzgwIiwidXNlcklkIjozMDM4NCwiaWF0IjoxNzgwNDk1MDc3LCJleHAiOjE3ODA1MDIyNzd9.s7fkMjXmvCWKvW2pQvnlHlIyzqhIqAuRN8Eglnxx0IAA8ZHri7osV3U2BDVGauub
30386,30387,eyJhbGciOiJIUzM4NCJ9.eyJzdWIiOiJwZXJmX3VzZXJfMzgyIiwidXNlcklkIjozMDM4NiwiaWF0IjoxNzgwNDk1MDc3LCJleHAiOjE3ODA1MDIyNzd9.DHs_joFGaWxPu_5gcSp52H2A2F9p_ZwnqQOTFqgsSCAXaHqt14Vx9DHgAJ8DWuVi
30388,30389,eyJhbGciOiJIUzM4NCJ9.eyJzdWIiOiJwZXJmX3VzZXJfMzg0IiwidXNlcklkIjozMDM4OCwiaWF0IjoxNzgwNDk1MDc3LCJleHAiOjE3ODA1MDIyNzd9.7VgIM8pev-_VrxTtwUmZeKJRaHrVENwHzD_vsiy1xg4VXg9RL7ylmI8KwCtLuqbD
30390,30391,eyJhbGciOiJIUzM4NCJ9.eyJzdWIiOiJwZXJmX3VzZXJfMzg2IiwidXNlcklkIjozMDM5MCwiaWF0IjoxNzgwNDk1MDc3LCJleHAiOjE3ODA1MDIyNzd9.LUSnFbtV95ekRwYsaWyfdjOz5dFPvNureRrym0CHe4E_UnTRq9YKnzf-PhA1xT_U
30392,30393,eyJhbGciOiJIUzM4NCJ9.eyJzdWIiOiJwZXJmX3VzZXJfMzg4IiwidXNlcklkIjozMDM5MiwiaWF0IjoxNzgwNDk1MDc3LCJleHAiOjE3ODA1MDIyNzd9.VASwgj8ot1pcKhvVwMdamzyJR_VdOtuVI9F3n3qIOjLLNPF2W79jw1LK2cjO3MuZ
30394,30395,eyJhbGciOiJIUzM4NCJ9.eyJzdWIiOiJwZXJmX3VzZXJfMzkwIiwidXNlcklkIjozMDM5NCwiaWF0IjoxNzgwNDk1MDc3LCJleHAiOjE3ODA1MDIyNzd9.gh3FQOaiguuC6CQhbGUCIkf3yEJuf0QIJVL_9YuWH_AQK1wz6I92xTiTp-MvW87N
30396,30397,eyJhbGciOiJIUzM4NCJ9.eyJzdWIiOiJwZXJmX3VzZXJfMzkyIiwidXNlcklkIjozMDM5NiwiaWF0IjoxNzgwNDk1MDc3LCJleHAiOjE3ODA1MDIyNzd9.UFpvCaymcaLfxWdDrPZ7llY17j8tF_CGcUyA1kP5xoFMgwrOMp0jEv4tFXiNmjsk
30398,30399,eyJhbGciOiJIUzM4NCJ9.eyJzdWIiOiJwZXJmX3VzZXJfMzk0IiwidXNlcklkIjozMDM5OCwiaWF0IjoxNzgwNDk1MDc3LCJleHAiOjE3ODA1MDIyNzd9.jH3bc1EADUT1fffTlUA1rsmTc1j3bd7L12pC9UGnIDlkrH_I5tQvU0NRvDq9yT9U
30400,30401,eyJhbGciOiJIUzM4NCJ9.eyJzdWIiOiJwZXJmX3VzZXJfMzk2IiwidXNlcklkIjozMDQwMCwiaWF0IjoxNzgwNDk1MDc3LCJleHAiOjE3ODA1MDIyNzd9.gwZJ0rLTBq9JXpFjE5zdoSQAfsyyvkfefjCVF86Ka-2mpPmMpGZBYbja0EFlb2P6
30402,30403,eyJhbGciOiJIUzM4NCJ9.eyJzdWIiOiJwZXJmX3VzZXJfMzk4IiwidXNlcklkIjozMDQwMiwiaWF0IjoxNzgwNDk1MDc3LCJleHAiOjE3ODA1MDIyNzd9.aCsTJYP4M67pg9STRP20iHMjDnb86497iudjV_4c3EByZ6NbvdhTQO0Ygvht2kUX
30404,30405,eyJhbGciOiJIUzM4NCJ9.eyJzdWIiOiJwZXJmX3VzZXJfNDAwIiwidXNlcklkIjozMDQwNCwiaWF0IjoxNzgwNDk1MDc3LCJleHAiOjE3ODA1MDIyNzd9.Wu-E9k10fXfaHMoYJAztMjobGXy4a28wbgFexxmmaJ97pfRTDmgfroiqe-BuRQUY
30406,30407,eyJhbGciOiJIUzM4NCJ9.eyJzdWIiOiJwZXJmX3VzZXJfNDAyIiwidXNlcklkIjozMDQwNiwiaWF0IjoxNzgwNDk1MDc3LCJleHAiOjE3ODA1MDIyNzd9.9fnqSVPJhCdX8Rgom8Q0mobL47XSC2s2HscfOHRly3YFotn0lBpDnxDlGNhZqp1e
30408,30409,eyJhbGciOiJIUzM4NCJ9.eyJzdWIiOiJwZXJmX3VzZXJfNDA0IiwidXNlcklkIjozMDQwOCwiaWF0IjoxNzgwNDk1MDc3LCJleHAiOjE3ODA1MDIyNzd9.sQqkJz_Jz422Y_RuhRHcuAYH8mhEI5zzy8taKy6JY2GnXuiYJGA6hiWJyMcC8-3U
30410,30411,eyJhbGciOiJIUzM4NCJ9.eyJzdWIiOiJwZXJmX3VzZXJfNDA2IiwidXNlcklkIjozMDQxMCwiaWF0IjoxNzgwNDk1MDc3LCJleHAiOjE3ODA1MDIyNzd9.bOFXZouQxs-N26SLSeIfUF6VXVAOzATz6A8O6LAE2XERQ6oAHo-JPkfgxT9V9_ih
30412,30413,eyJhbGciOiJIUzM4NCJ9.eyJzdWIiOiJwZXJmX3VzZXJfNDA4IiwidXNlcklkIjozMDQxMiwiaWF0IjoxNzgwNDk1MDc3LCJleHAiOjE3ODA1MDIyNzd9.ce5ffkyuEK7Rk7NLyATGYkEA2a-q3N0n5XcqzWQWid6-6vIJUl0_ISWkm3lFDecB
30414,30415,eyJhbGciOiJIUzM4NCJ9.eyJzdWIiOiJwZXJmX3VzZXJfNDEwIiwidXNlcklkIjozMDQxNCwiaWF0IjoxNzgwNDk1MDc3LCJleHAiOjE3ODA1MDIyNzd9.PktHaLDAKWS_RChUYOkm7Oo31mGt5EYhRRa75_b93xFx57neENa7cnHEBF1gHZc3
30416,30417,eyJhbGciOiJIUzM4NCJ9.eyJzdWIiOiJwZXJmX3VzZXJfNDEyIiwidXNlcklkIjozMDQxNiwiaWF0IjoxNzgwNDk1MDc3LCJleHAiOjE3ODA1MDIyNzd9.7SNZdmhwo2CyYm5NFRi1tWg_etRnM-hdwBHwNlStMf76r2OpMmert9swWFD_48eT
30418,30419,eyJhbGciOiJIUzM4NCJ9.eyJzdWIiOiJwZXJmX3VzZXJfNDE0IiwidXNlcklkIjozMDQxOCwiaWF0IjoxNzgwNDk1MDc3LCJleHAiOjE3ODA1MDIyNzd9.6bL-uWZTrwjDX9IL_OPAZ93nMvCgYzs86cH3yqZTfyZww-MX-3NA9f9C1xnuBitb
30420,30421,eyJhbGciOiJIUzM4NCJ9.eyJzdWIiOiJwZXJmX3VzZXJfNDE2IiwidXNlcklkIjozMDQyMCwiaWF0IjoxNzgwNDk1MDc3LCJleHAiOjE3ODA1MDIyNzd9.bA7DUVSoWlikqGN_ogOE6XR0m7TrJwJKZREiKcIVmkkcBDuSDXLxBFsG3OqxGGiA
30422,30423,eyJhbGciOiJIUzM4NCJ9.eyJzdWIiOiJwZXJmX3VzZXJfNDE4IiwidXNlcklkIjozMDQyMiwiaWF0IjoxNzgwNDk1MDc3LCJleHAiOjE3ODA1MDIyNzd9.nOqTLa-WK5ABJ3lEyOyJH3p9O6yQzSTHJHBiQZ2J7Cb7Of2l0mZIRuKkXq29QYK_
30424,30425,eyJhbGciOiJIUzM4NCJ9.eyJzdWIiOiJwZXJmX3VzZXJfNDIwIiwidXNlcklkIjozMDQyNCwiaWF0IjoxNzgwNDk1MDc3LCJleHAiOjE3ODA1MDIyNzd9.DPGE31qi7DDsRxkTWD1qcWmAHcTOuP9kORdgUJhwL9k65nHkHhVYUQzW9f4LPess
30426,30427,eyJhbGciOiJIUzM4NCJ9.eyJzdWIiOiJwZXJmX3VzZXJfNDIyIiwidXNlcklkIjozMDQyNiwiaWF0IjoxNzgwNDk1MDc3LCJleHAiOjE3ODA1MDIyNzd9.UQ2cLeiutVZSds7u7Md0gPysLpyYh_hchpz_5EfoPbhfznGe5ha47cut2K2gYrkN
30428,30429,eyJhbGciOiJIUzM4NCJ9.eyJzdWIiOiJwZXJmX3VzZXJfNDI0IiwidXNlcklkIjozMDQyOCwiaWF0IjoxNzgwNDk1MDc3LCJleHAiOjE3ODA1MDIyNzd9.um7czac10A9cvv4DD86QopeJyQP8M_wJQQVWsgo9O2Nmx_nUbelATzGPOEPaA3mt
30430,30431,eyJhbGciOiJIUzM4NCJ9.eyJzdWIiOiJwZXJmX3VzZXJfNDI2IiwidXNlcklkIjozMDQzMCwiaWF0IjoxNzgwNDk1MDc3LCJleHAiOjE3ODA1MDIyNzd9.5GdQGiO2YCXdbv-2VK2IbNmGKweceYj7m3Lb2sZ_ebsRVIti8bGFw2K1Pe1VNgkQ
30432,30433,eyJhbGciOiJIUzM4NCJ9.eyJzdWIiOiJwZXJmX3VzZXJfNDI4IiwidXNlcklkIjozMDQzMiwiaWF0IjoxNzgwNDk1MDc3LCJleHAiOjE3ODA1MDIyNzd9.AJr5DRVOE8oRhpSh7GNEJT1uqFXyIudTEdz-8NnE2pxp7d9_oyAUbWx1nBY7N-Ms
30434,30435,eyJhbGciOiJIUzM4NCJ9.eyJzdWIiOiJwZXJmX3VzZXJfNDMwIiwidXNlcklkIjozMDQzNCwiaWF0IjoxNzgwNDk1MDc3LCJleHAiOjE3ODA1MDIyNzd9.ziaK00zY9j3PsQiM17K3uiJ_Fvw2LgqtQ-dodY_jgVS_O8s9lYCGE94tZlQ8FpZA
30436,30437,eyJhbGciOiJIUzM4NCJ9.eyJzdWIiOiJwZXJmX3VzZXJfNDMyIiwidXNlcklkIjozMDQzNiwiaWF0IjoxNzgwNDk1MDc3LCJleHAiOjE3ODA1MDIyNzd9.DdZKZZ0r4jcLnAYpRWiFW519KEqUQ-Fea3ipvkwORKemN8zehsxlQLwVeq215wte
30438,30439,eyJhbGciOiJIUzM4NCJ9.eyJzdWIiOiJwZXJmX3VzZXJfNDM0IiwidXNlcklkIjozMDQzOCwiaWF0IjoxNzgwNDk1MDc3LCJleHAiOjE3ODA1MDIyNzd9.uvIhvJav3mQ_UJqcVznKI-NuLFzICyCknd3YOTs6Ie4R2ADw9jkGvbeKFPSU0ffw
30440,30441,eyJhbGciOiJIUzM4NCJ9.eyJzdWIiOiJwZXJmX3VzZXJfNDM2IiwidXNlcklkIjozMDQ0MCwiaWF0IjoxNzgwNDk1MDc3LCJleHAiOjE3ODA1MDIyNzd9.TLjOjvILR5e-MirUjjrflsQzbJDhOJQPce75ZVEWtA5Z_EYY6ZErSVEEb4Zry8T8
30442,30443,eyJhbGciOiJIUzM4NCJ9.eyJzdWIiOiJwZXJmX3VzZXJfNDM4IiwidXNlcklkIjozMDQ0MiwiaWF0IjoxNzgwNDk1MDc3LCJleHAiOjE3ODA1MDIyNzd9.OiJfBElzZW6adiIHGf4yk26WXIAe34_y7NyaoiWRA47q_hKXraLfwjYbH0dnJx6a
30444,30445,eyJhbGciOiJIUzM4NCJ9.eyJzdWIiOiJwZXJmX3VzZXJfNDQwIiwidXNlcklkIjozMDQ0NCwiaWF0IjoxNzgwNDk1MDc3LCJleHAiOjE3ODA1MDIyNzd9.YHSlJNvB-2zLyQrKziABCm5FOo5n95HZU9AIoGhuUN0so8-FD9dkrVTFhltvFpG-
30446,30447,eyJhbGciOiJIUzM4NCJ9.eyJzdWIiOiJwZXJmX3VzZXJfNDQyIiwidXNlcklkIjozMDQ0NiwiaWF0IjoxNzgwNDk1MDc3LCJleHAiOjE3ODA1MDIyNzd9.mOFprsO9uXlToV_amG9TD0DdrDutgnGo7oT-s4f2Fm-XfpczQhwjgbTyGXezIhOB
30448,30449,eyJhbGciOiJIUzM4NCJ9.eyJzdWIiOiJwZXJmX3VzZXJfNDQ0IiwidXNlcklkIjozMDQ0OCwiaWF0IjoxNzgwNDk1MDc3LCJleHAiOjE3ODA1MDIyNzd9.ieDZ9dBG97EnEVkI33vLzkSRSIG22cJFZ97sldzj_UulSRyDYSUK7O-a_oBan3PI
30450,30451,eyJhbGciOiJIUzM4NCJ9.eyJzdWIiOiJwZXJmX3VzZXJfNDQ2IiwidXNlcklkIjozMDQ1MCwiaWF0IjoxNzgwNDk1MDc3LCJleHAiOjE3ODA1MDIyNzd9.o6JT8j_ELyuHU6eV0JCbCwcqBOk_PoKKKLLUCBM_Z9iBC2TV5Xg41paQH8iprsps
30452,30453,eyJhbGciOiJIUzM4NCJ9.eyJzdWIiOiJwZXJmX3VzZXJfNDQ4IiwidXNlcklkIjozMDQ1MiwiaWF0IjoxNzgwNDk1MDc3LCJleHAiOjE3ODA1MDIyNzd9.AV4nYBF6IC1DssMlL5tw9uqNFUS7YgAbgNVMSsOoYgI8UBbigIwtApP1WFRH4r31
30454,30455,eyJhbGciOiJIUzM4NCJ9.eyJzdWIiOiJwZXJmX3VzZXJfNDUwIiwidXNlcklkIjozMDQ1NCwiaWF0IjoxNzgwNDk1MDc3LCJleHAiOjE3ODA1MDIyNzd9.yKPTXFx6I9ePqDhf9dCPly-m5XJZKmpU6BJjHowbWHKSK0ZX9B8hovpf3e848fRm
30456,30457,eyJhbGciOiJIUzM4NCJ9.eyJzdWIiOiJwZXJmX3VzZXJfNDUyIiwidXNlcklkIjozMDQ1NiwiaWF0IjoxNzgwNDk1MDc3LCJleHAiOjE3ODA1MDIyNzd9.8-gVo2Sr9UZIFgDjwPY-dHg6oBlvBS05WbkUIhx_6_UA7ebMWVOEMovdj7_11yyz
30458,30459,eyJhbGciOiJIUzM4NCJ9.eyJzdWIiOiJwZXJmX3VzZXJfNDU0IiwidXNlcklkIjozMDQ1OCwiaWF0IjoxNzgwNDk1MDc3LCJleHAiOjE3ODA1MDIyNzd9.jSzY0RKmKxt62etzp5RkN1CHsY4l8RJu5DaB8WjMFjicedzddNOtqdHglrMUUg_o
30460,30461,eyJhbGciOiJIUzM4NCJ9.eyJzdWIiOiJwZXJmX3VzZXJfNDU2IiwidXNlcklkIjozMDQ2MCwiaWF0IjoxNzgwNDk1MDc3LCJleHAiOjE3ODA1MDIyNzd9.8-UXD3ad6Q-fBvmpxYK7oOGELqD8I8xYZeMEqm4xBcDc-TnjrZOrhqjlly2S1aPm
30462,30463,eyJhbGciOiJIUzM4NCJ9.eyJzdWIiOiJwZXJmX3VzZXJfNDU4IiwidXNlcklkIjozMDQ2MiwiaWF0IjoxNzgwNDk1MDc3LCJleHAiOjE3ODA1MDIyNzd9.j7sE47rjzPZmobFT_dcl3FQUAG89ad-9MJqy3P2kgFFUIR_eETU2PBI_a4EK4gg-
30464,30465,eyJhbGciOiJIUzM4NCJ9.eyJzdWIiOiJwZXJmX3VzZXJfNDYwIiwidXNlcklkIjozMDQ2NCwiaWF0IjoxNzgwNDk1MDc3LCJleHAiOjE3ODA1MDIyNzd9.2CgkAFtt92RfvCwPTXkuShbfeNy_4gA_3pwroMzAPbjHV39ZX1rELD6-1pbJT4QH
30466,30467,eyJhbGciOiJIUzM4NCJ9.eyJzdWIiOiJwZXJmX3VzZXJfNDYyIiwidXNlcklkIjozMDQ2NiwiaWF0IjoxNzgwNDk1MDc3LCJleHAiOjE3ODA1MDIyNzd9.xhbfgy9BnzvwFO_iQwYWf_uJ0jxFp2jleU48jywPif4TP5NW-lmHCCiexcF409Dp
30468,30469,eyJhbGciOiJIUzM4NCJ9.eyJzdWIiOiJwZXJmX3VzZXJfNDY0IiwidXNlcklkIjozMDQ2OCwiaWF0IjoxNzgwNDk1MDc3LCJleHAiOjE3ODA1MDIyNzd9.I-iosCsDum4L09-r_yzyB-p6WDTBXQqLgnTJtVTTZQjba-n39pjeZtzGFkNt65tn
30470,30471,eyJhbGciOiJIUzM4NCJ9.eyJzdWIiOiJwZXJmX3VzZXJfNDY2IiwidXNlcklkIjozMDQ3MCwiaWF0IjoxNzgwNDk1MDc3LCJleHAiOjE3ODA1MDIyNzd9.LWTEW_dRL9zyP9LDZuxHzqmc5FJlWxYFpAEh0ywYCCBFE3pUEPuP0hRg02ojHsob
30472,30473,eyJhbGciOiJIUzM4NCJ9.eyJzdWIiOiJwZXJmX3VzZXJfNDY4IiwidXNlcklkIjozMDQ3MiwiaWF0IjoxNzgwNDk1MDc3LCJleHAiOjE3ODA1MDIyNzd9.rmbVQ139lV2IlJeOZ6ip2_WR16vVOy0HNAEd8EYc8ogAkYdyZbNGsF-cwy7aa68u
30474,30475,eyJhbGciOiJIUzM4NCJ9.eyJzdWIiOiJwZXJmX3VzZXJfNDcwIiwidXNlcklkIjozMDQ3NCwiaWF0IjoxNzgwNDk1MDc3LCJleHAiOjE3ODA1MDIyNzd9._kt9Nsww08LOPPIthockjYnkUz4hgORGNtUqYAZedExbvKmdHnBq_pHAfD4fxg6U
30476,30477,eyJhbGciOiJIUzM4NCJ9.eyJzdWIiOiJwZXJmX3VzZXJfNDcyIiwidXNlcklkIjozMDQ3NiwiaWF0IjoxNzgwNDk1MDc3LCJleHAiOjE3ODA1MDIyNzd9.-tNFLO5Cr-KFkCGVQeg3fDHGtgzQ6uv0rpJTu-lekg9Xu6yYpoSV4D-rGN4dqgve
30478,30479,eyJhbGciOiJIUzM4NCJ9.eyJzdWIiOiJwZXJmX3VzZXJfNDc0IiwidXNlcklkIjozMDQ3OCwiaWF0IjoxNzgwNDk1MDc3LCJleHAiOjE3ODA1MDIyNzd9.EWgJyMTiWsDdt6ZjSUl3BTAQs8J9Lr76YRiP7iRdp7J6SbrfKaLR-DN4f_kxg560
30480,30481,eyJhbGciOiJIUzM4NCJ9.eyJzdWIiOiJwZXJmX3VzZXJfNDc2IiwidXNlcklkIjozMDQ4MCwiaWF0IjoxNzgwNDk1MDc3LCJleHAiOjE3ODA1MDIyNzd9.K6xy76hY227vLHTQJVz7eE5Kj7oLm7z45W6Cf4msc2PepVGwwdZ-G5YW_9KX2QZh
30482,30483,eyJhbGciOiJIUzM4NCJ9.eyJzdWIiOiJwZXJmX3VzZXJfNDc4IiwidXNlcklkIjozMDQ4MiwiaWF0IjoxNzgwNDk1MDc3LCJleHAiOjE3ODA1MDIyNzd9.X_TJVBPSyecgfolLL3FrCBntHFXIE7B3akUC1s_sk2hgEEaaO79IqE7JwI6Xt7yp
30484,30485,eyJhbGciOiJIUzM4NCJ9.eyJzdWIiOiJwZXJmX3VzZXJfNDgwIiwidXNlcklkIjozMDQ4NCwiaWF0IjoxNzgwNDk1MDc3LCJleHAiOjE3ODA1MDIyNzd9.L-IMVtlZXKxdFrAb_Nyv0kkgtXCjS4JNIsrFbsD0I_SMyY0vPQ-DfFUVaMYImF3l
30486,30487,eyJhbGciOiJIUzM4NCJ9.eyJzdWIiOiJwZXJmX3VzZXJfNDgyIiwidXNlcklkIjozMDQ4NiwiaWF0IjoxNzgwNDk1MDc3LCJleHAiOjE3ODA1MDIyNzd9.9gqtK5NR9xoqUPdU92tvqT7_EFm2WOPisKjHN00l2_oI68SRjcRJqe8fAW9vKoCm
30488,30489,eyJhbGciOiJIUzM4NCJ9.eyJzdWIiOiJwZXJmX3VzZXJfNDg0IiwidXNlcklkIjozMDQ4OCwiaWF0IjoxNzgwNDk1MDc3LCJleHAiOjE3ODA1MDIyNzd9.p5k3s30RHyug1ejyTHhE2f9AroUGM3Vf3ef6jMgn9gnBuA1GQSFsQ8eCGOGAisSq
30490,30491,eyJhbGciOiJIUzM4NCJ9.eyJzdWIiOiJwZXJmX3VzZXJfNDg2IiwidXNlcklkIjozMDQ5MCwiaWF0IjoxNzgwNDk1MDc3LCJleHAiOjE3ODA1MDIyNzd9.mD6EHGcYYnx4XfMIL99fYo2TL9LPkHvMnIzrWKzcg0nKbFSfNUcIW54MAqhJLntK
30492,30493,eyJhbGciOiJIUzM4NCJ9.eyJzdWIiOiJwZXJmX3VzZXJfNDg4IiwidXNlcklkIjozMDQ5MiwiaWF0IjoxNzgwNDk1MDc3LCJleHAiOjE3ODA1MDIyNzd9.BQ18RwEt21yplUDaf_pcbrCj8OaMDNcMO9cCRxhwMxCTnv_9-0wVErgs2uf73V1T
30494,30495,eyJhbGciOiJIUzM4NCJ9.eyJzdWIiOiJwZXJmX3VzZXJfNDkwIiwidXNlcklkIjozMDQ5NCwiaWF0IjoxNzgwNDk1MDc3LCJleHAiOjE3ODA1MDIyNzd9.u6OQwlM1_VF_Jk1lYpzoUE7CkXDwFbfTDQ7UsZiqHR94lMkYxpnqPHgHtD7j4UHC
30496,30497,eyJhbGciOiJIUzM4NCJ9.eyJzdWIiOiJwZXJmX3VzZXJfNDkyIiwidXNlcklkIjozMDQ5NiwiaWF0IjoxNzgwNDk1MDc3LCJleHAiOjE3ODA1MDIyNzd9.nND1rSk0x8vCDklBiZml9kTAGy6lPQA8xRYB1X3Iy03Q_WZ9itH82YUdgImS20a6
30498,30499,eyJhbGciOiJIUzM4NCJ9.eyJzdWIiOiJwZXJmX3VzZXJfNDk0IiwidXNlcklkIjozMDQ5OCwiaWF0IjoxNzgwNDk1MDc3LCJleHAiOjE3ODA1MDIyNzd9.S8Jbi-n_qC20Q1D0fQCeyGpSc8oSah5DPrDKNDhJ-KgL0QC0bRNJHlkQfOffdaBv
30500,30501,eyJhbGciOiJIUzM4NCJ9.eyJzdWIiOiJwZXJmX3VzZXJfNDk2IiwidXNlcklkIjozMDUwMCwiaWF0IjoxNzgwNDk1MDc3LCJleHAiOjE3ODA1MDIyNzd9.3xkbkmXh1Mi5QjQjtSUPyOybOKXrK6UvuUMfy37U5LTQ2sLYombm3Z7KeqykU8j3
30502,30503,eyJhbGciOiJIUzM4NCJ9.eyJzdWIiOiJwZXJmX3VzZXJfNDk4IiwidXNlcklkIjozMDUwMiwiaWF0IjoxNzgwNDk1MDc3LCJleHAiOjE3ODA1MDIyNzd9.HcpMAEviyGdwh4GucWug5uA8IBUQAa8uGjJSAJ4J2rst8hoTOyiwk7wlYWz0frkp
30504,30505,eyJhbGciOiJIUzM4NCJ9.eyJzdWIiOiJwZXJmX3VzZXJfNTAwIiwidXNlcklkIjozMDUwNCwiaWF0IjoxNzgwNDk1MDc3LCJleHAiOjE3ODA1MDIyNzd9.ej-uSOwC6TwFMD7jjuVvbJwf0Mn6PkmaXri2K-5MoIPMJg6dNRKr78x9uIkQubyY
30506,30507,eyJhbGciOiJIUzM4NCJ9.eyJzdWIiOiJwZXJmX3VzZXJfNTAyIiwidXNlcklkIjozMDUwNiwiaWF0IjoxNzgwNDk1MDc3LCJleHAiOjE3ODA1MDIyNzd9.YpZ6FYLjgVY0sHq6q5zFLIVekn8Q5HFpNGJVEk42W_8NYxYtawXkK0HoJHTlxMw6
30508,30509,eyJhbGciOiJIUzM4NCJ9.eyJzdWIiOiJwZXJmX3VzZXJfNTA0IiwidXNlcklkIjozMDUwOCwiaWF0IjoxNzgwNDk1MDc3LCJleHAiOjE3ODA1MDIyNzd9.NBeGpEb9OyXQ0KCFhz7-KIQW0skFsXxOJfQ_fcD-VOTC7XRm2jwX4Ln6kZZhXuaj
30510,30511,eyJhbGciOiJIUzM4NCJ9.eyJzdWIiOiJwZXJmX3VzZXJfNTA2IiwidXNlcklkIjozMDUxMCwiaWF0IjoxNzgwNDk1MDc3LCJleHAiOjE3ODA1MDIyNzd9.Y_RIw41z7kzx6uCwMmX0a03OoM0poLluJHtQzaSD15ODxFTEuyMI2yV1MY5JlpVU
30512,30513,eyJhbGciOiJIUzM4NCJ9.eyJzdWIiOiJwZXJmX3VzZXJfNTA4IiwidXNlcklkIjozMDUxMiwiaWF0IjoxNzgwNDk1MDc3LCJleHAiOjE3ODA1MDIyNzd9.CgdlxsMxjUU9QKdHgAcunfqf9rjUQwslIqpzoUD4kHLoF2xYyuhbHImil1T3aYko
30514,30515,eyJhbGciOiJIUzM4NCJ9.eyJzdWIiOiJwZXJmX3VzZXJfNTEwIiwidXNlcklkIjozMDUxNCwiaWF0IjoxNzgwNDk1MDc3LCJleHAiOjE3ODA1MDIyNzd9.pZtFOfwvleb3a_ZyQt53Id2P0LhceLqO-tdDrwA-xOvP4uXOFM435MF7uVWHPLb6
30516,30517,eyJhbGciOiJIUzM4NCJ9.eyJzdWIiOiJwZXJmX3VzZXJfNTEyIiwidXNlcklkIjozMDUxNiwiaWF0IjoxNzgwNDk1MDc3LCJleHAiOjE3ODA1MDIyNzd9.7WoOtTHmmgwQRzYRfGG6gaUAJILCaXnxoQmxLaMeA2K-gho6YJhnAM5rvn_7_1Sq
30518,30519,eyJhbGciOiJIUzM4NCJ9.eyJzdWIiOiJwZXJmX3VzZXJfNTE0IiwidXNlcklkIjozMDUxOCwiaWF0IjoxNzgwNDk1MDc3LCJleHAiOjE3ODA1MDIyNzd9.GgyNIUwgFl6rO8tE-24PqhxdzDsd1J3LsJyCtt8anoro6iw3GgvjvjG3rybuWIZU
30520,30521,eyJhbGciOiJIUzM4NCJ9.eyJzdWIiOiJwZXJmX3VzZXJfNTE2IiwidXNlcklkIjozMDUyMCwiaWF0IjoxNzgwNDk1MDc3LCJleHAiOjE3ODA1MDIyNzd9.y3ij2PbPkU140Kjbq16e--_Q8e4juxtC_yYLmffp98eNofvjjntNRGDkiWj9vZpT
30522,30523,eyJhbGciOiJIUzM4NCJ9.eyJzdWIiOiJwZXJmX3VzZXJfNTE4IiwidXNlcklkIjozMDUyMiwiaWF0IjoxNzgwNDk1MDc3LCJleHAiOjE3ODA1MDIyNzd9.vsxZOJMPbMRxIcS99H3BHTOMnnJVOe-Sc4gypXtK1LHEnb6wvZ8gHUXyCHpaULqt
30524,30525,eyJhbGciOiJIUzM4NCJ9.eyJzdWIiOiJwZXJmX3VzZXJfNTIwIiwidXNlcklkIjozMDUyNCwiaWF0IjoxNzgwNDk1MDc3LCJleHAiOjE3ODA1MDIyNzd9.A0j6HgnQOD6h79FLi7Tj-jcxyaA0BQKputXN05hUmQKVfT4JpidmvQK8hSYa0Zud
30526,30527,eyJhbGciOiJIUzM4NCJ9.eyJzdWIiOiJwZXJmX3VzZXJfNTIyIiwidXNlcklkIjozMDUyNiwiaWF0IjoxNzgwNDk1MDc3LCJleHAiOjE3ODA1MDIyNzd9.2zbnreNjZ0stl-x-_EAWALZTdSL16-zvY0nNKrDjm3EV1U1yaTNFJ9ne7fQb1r-1
30528,30529,eyJhbGciOiJIUzM4NCJ9.eyJzdWIiOiJwZXJmX3VzZXJfNTI0IiwidXNlcklkIjozMDUyOCwiaWF0IjoxNzgwNDk1MDc3LCJleHAiOjE3ODA1MDIyNzd9.kVZ2NmCKYVBT9N4aBpSaxwZpkIegqFaf50JTSMsCUMmObAklNAr1Af9BqZukvOsh
30530,30531,eyJhbGciOiJIUzM4NCJ9.eyJzdWIiOiJwZXJmX3VzZXJfNTI2IiwidXNlcklkIjozMDUzMCwiaWF0IjoxNzgwNDk1MDc3LCJleHAiOjE3ODA1MDIyNzd9._5bCCex9Nh86vTrBBLCMBqbhUHZ2GNSZBQXKTikgKN3VjfvZewm1arojaJ9M5Qur
30532,30533,eyJhbGciOiJIUzM4NCJ9.eyJzdWIiOiJwZXJmX3VzZXJfNTI4IiwidXNlcklkIjozMDUzMiwiaWF0IjoxNzgwNDk1MDc3LCJleHAiOjE3ODA1MDIyNzd9.paIBqPUNoW33qirRVsaI3zKcwHR8r3yCyolGIxkGXNlxNdy0T4J1-v21ZBoayvnV
30534,30535,eyJhbGciOiJIUzM4NCJ9.eyJzdWIiOiJwZXJmX3VzZXJfNTMwIiwidXNlcklkIjozMDUzNCwiaWF0IjoxNzgwNDk1MDc3LCJleHAiOjE3ODA1MDIyNzd9.Oq8CxalZDYjhJQ9TaI0_V23Qt37zgnatsplwShXvIi21aWFEInpQKqEQGBUgeiTl
30536,30537,eyJhbGciOiJIUzM4NCJ9.eyJzdWIiOiJwZXJmX3VzZXJfNTMyIiwidXNlcklkIjozMDUzNiwiaWF0IjoxNzgwNDk1MDc3LCJleHAiOjE3ODA1MDIyNzd9.KajJpo1Nho71V3QaoKD2bmz3crtK7rnvRnQ0UOZsCVAmypa8yiq82aPneWfKjryF
30538,30539,eyJhbGciOiJIUzM4NCJ9.eyJzdWIiOiJwZXJmX3VzZXJfNTM0IiwidXNlcklkIjozMDUzOCwiaWF0IjoxNzgwNDk1MDc3LCJleHAiOjE3ODA1MDIyNzd9.1XpJTfUgCuhOS-8MyzkTuG6U9H5CjRPqj1iOuT-CpKjLIMgKhVJFnTm35buC-dfk
30540,30541,eyJhbGciOiJIUzM4NCJ9.eyJzdWIiOiJwZXJmX3VzZXJfNTM2IiwidXNlcklkIjozMDU0MCwiaWF0IjoxNzgwNDk1MDc3LCJleHAiOjE3ODA1MDIyNzd9.f6sqrntejNrCa1PhlZHWx6vEavwqwGZ__svYe0VWvABqbFV_atvBufLmrNMgYTrN
30542,30543,eyJhbGciOiJIUzM4NCJ9.eyJzdWIiOiJwZXJmX3VzZXJfNTM4IiwidXNlcklkIjozMDU0MiwiaWF0IjoxNzgwNDk1MDc3LCJleHAiOjE3ODA1MDIyNzd9.ctshh9eZTPA1n3zQ9htRLOvPs3n4XY_-HWKvCmhw8Wwyzt4XGs4Zg4Wi8-GzUlLR
30544,30545,eyJhbGciOiJIUzM4NCJ9.eyJzdWIiOiJwZXJmX3VzZXJfNTQwIiwidXNlcklkIjozMDU0NCwiaWF0IjoxNzgwNDk1MDc3LCJleHAiOjE3ODA1MDIyNzd9.hXGlYQU2ys32BgsK6A2nKG09JNsRat4DKL-o0FmYt47oVV2d6zXeN8337-7vnKYi
30546,30547,eyJhbGciOiJIUzM4NCJ9.eyJzdWIiOiJwZXJmX3VzZXJfNTQyIiwidXNlcklkIjozMDU0NiwiaWF0IjoxNzgwNDk1MDc3LCJleHAiOjE3ODA1MDIyNzd9.rNp229h7rMa-0LF3-PFQ3iqcGlBuJ0hXADPuh7G9UFs6sHIarjdpKROvrcOTLCDd
30548,30549,eyJhbGciOiJIUzM4NCJ9.eyJzdWIiOiJwZXJmX3VzZXJfNTQ0IiwidXNlcklkIjozMDU0OCwiaWF0IjoxNzgwNDk1MDc3LCJleHAiOjE3ODA1MDIyNzd9.MAo-KC5aKKRGS2lkgR6PJdMTgYSk8y3BOiEOts67XaNGhfitf2O-1Xqbj3XW2G2q
30550,30551,eyJhbGciOiJIUzM4NCJ9.eyJzdWIiOiJwZXJmX3VzZXJfNTQ2IiwidXNlcklkIjozMDU1MCwiaWF0IjoxNzgwNDk1MDc3LCJleHAiOjE3ODA1MDIyNzd9.0mpurL_UR_R3Mg9Ij0WTyGeWmi6E5Bg4eq_8X_EOJwQl729HP8fY-WDFo1F7kohV
30552,30553,eyJhbGciOiJIUzM4NCJ9.eyJzdWIiOiJwZXJmX3VzZXJfNTQ4IiwidXNlcklkIjozMDU1MiwiaWF0IjoxNzgwNDk1MDc3LCJleHAiOjE3ODA1MDIyNzd9.njA7ohHCSgqN8QVgS7H1vL6Smf2YcOv776G29OvhoKCFpOUbjnkNmtr8r9GQLBih
30554,30555,eyJhbGciOiJIUzM4NCJ9.eyJzdWIiOiJwZXJmX3VzZXJfNTUwIiwidXNlcklkIjozMDU1NCwiaWF0IjoxNzgwNDk1MDc3LCJleHAiOjE3ODA1MDIyNzd9.iMdyfh8hUz3qdLALwaxHbVgbyQj9ZNCeMnxLRsFLafNyIXp96k4lJ2QNfICDjlP7
30556,30557,eyJhbGciOiJIUzM4NCJ9.eyJzdWIiOiJwZXJmX3VzZXJfNTUyIiwidXNlcklkIjozMDU1NiwiaWF0IjoxNzgwNDk1MDc3LCJleHAiOjE3ODA1MDIyNzd9.3o34TECag1jmyjJpUh8SQIq6PTU4PcNKGA5wbbFD5qYRzuNktEdBs8Nm72IHrck9
30558,30559,eyJhbGciOiJIUzM4NCJ9.eyJzdWIiOiJwZXJmX3VzZXJfNTU0IiwidXNlcklkIjozMDU1OCwiaWF0IjoxNzgwNDk1MDc3LCJleHAiOjE3ODA1MDIyNzd9.y4FwDDBsJ30on9wKgcgiCX3iqSChNB_3B1at-nIK6m-pJn15YVLEsc4bvYAN2q14
30560,30561,eyJhbGciOiJIUzM4NCJ9.eyJzdWIiOiJwZXJmX3VzZXJfNTU2IiwidXNlcklkIjozMDU2MCwiaWF0IjoxNzgwNDk1MDc3LCJleHAiOjE3ODA1MDIyNzd9.7eFk5SAJSEY6qDLFalErwRckex3hfuBrw6pIg2qTMvoLkth01tXCVIbWFeX_CUXK
30562,30563,eyJhbGciOiJIUzM4NCJ9.eyJzdWIiOiJwZXJmX3VzZXJfNTU4IiwidXNlcklkIjozMDU2MiwiaWF0IjoxNzgwNDk1MDc3LCJleHAiOjE3ODA1MDIyNzd9.n-el9gBsd8jWrWtu70PSt65fwIp4TpWbeCejoTUOZfyBIkv7CRkUwAk4QpOcyr19
30564,30565,eyJhbGciOiJIUzM4NCJ9.eyJzdWIiOiJwZXJmX3VzZXJfNTYwIiwidXNlcklkIjozMDU2NCwiaWF0IjoxNzgwNDk1MDc3LCJleHAiOjE3ODA1MDIyNzd9.-V0bmSVxgaRvXduahtIeWmZIBG99nLT5rYzUnUUaAQb71ilG8d0czO7qBA_dRS4n
30566,30567,eyJhbGciOiJIUzM4NCJ9.eyJzdWIiOiJwZXJmX3VzZXJfNTYyIiwidXNlcklkIjozMDU2NiwiaWF0IjoxNzgwNDk1MDc3LCJleHAiOjE3ODA1MDIyNzd9.ssRfS2F8fsZevrzrVU--Quy9fKW4o3NaaNPRF9SembGmQRye_YI_KDq9gt9T00EQ
30568,30569,eyJhbGciOiJIUzM4NCJ9.eyJzdWIiOiJwZXJmX3VzZXJfNTY0IiwidXNlcklkIjozMDU2OCwiaWF0IjoxNzgwNDk1MDc3LCJleHAiOjE3ODA1MDIyNzd9.3vCIZkIXb5mgAM78FX3WAd22d1lmLvDOFpil_n_6yzbuY71tMT9-RB-7MY1ycfV-
30570,30571,eyJhbGciOiJIUzM4NCJ9.eyJzdWIiOiJwZXJmX3VzZXJfNTY2IiwidXNlcklkIjozMDU3MCwiaWF0IjoxNzgwNDk1MDc3LCJleHAiOjE3ODA1MDIyNzd9.O_W4EvW3Opx4J7ILlbUoqnISM1tkMYa4XCRkJ8yHKZMUCLSmn2IJIDlAU9irD4f-
30572,30573,eyJhbGciOiJIUzM4NCJ9.eyJzdWIiOiJwZXJmX3VzZXJfNTY4IiwidXNlcklkIjozMDU3MiwiaWF0IjoxNzgwNDk1MDc3LCJleHAiOjE3ODA1MDIyNzd9.Iaw4IhWu7fLnG_tTGkemOczC2I0a6HRoTas7OGynNHt-eK6aW5zOx-2StdGfPbjI
30574,30575,eyJhbGciOiJIUzM4NCJ9.eyJzdWIiOiJwZXJmX3VzZXJfNTcwIiwidXNlcklkIjozMDU3NCwiaWF0IjoxNzgwNDk1MDc3LCJleHAiOjE3ODA1MDIyNzd9.jsl_3G3TB-To69Bec4a0zKtKtj652X-g3wIf_QLqAFeJYplfJ7RkIwyzm_myNavn
30576,30577,eyJhbGciOiJIUzM4NCJ9.eyJzdWIiOiJwZXJmX3VzZXJfNTcyIiwidXNlcklkIjozMDU3NiwiaWF0IjoxNzgwNDk1MDc3LCJleHAiOjE3ODA1MDIyNzd9.RrXl1QjwA2kt890arUK5rGCs0hk95AWKyZqKKQJZL7oxHrkAhhrnz2KYTSN3xRL0
30578,30579,eyJhbGciOiJIUzM4NCJ9.eyJzdWIiOiJwZXJmX3VzZXJfNTc0IiwidXNlcklkIjozMDU3OCwiaWF0IjoxNzgwNDk1MDc3LCJleHAiOjE3ODA1MDIyNzd9.bj8new7jQh9aLyM3O_b_r5uRj-7sbBNc8hioxzR3ZOPInYv0mc8GPQeKKJ2s1Tac
30580,30581,eyJhbGciOiJIUzM4NCJ9.eyJzdWIiOiJwZXJmX3VzZXJfNTc2IiwidXNlcklkIjozMDU4MCwiaWF0IjoxNzgwNDk1MDc3LCJleHAiOjE3ODA1MDIyNzd9.qPePN_rfpIr4p7o-oMrcGCjnEtb7BQzwsNijdFCi2gQnJpv9Usp-JxUMWc-YmYTd
30582,30583,eyJhbGciOiJIUzM4NCJ9.eyJzdWIiOiJwZXJmX3VzZXJfNTc4IiwidXNlcklkIjozMDU4MiwiaWF0IjoxNzgwNDk1MDc3LCJleHAiOjE3ODA1MDIyNzd9.5dO2nNX6kW4xjRCZC-DIuG_vL4nFpKQgjYrChL405tm43xq5bFBW2YnoNEyno28h
30584,30585,eyJhbGciOiJIUzM4NCJ9.eyJzdWIiOiJwZXJmX3VzZXJfNTgwIiwidXNlcklkIjozMDU4NCwiaWF0IjoxNzgwNDk1MDc3LCJleHAiOjE3ODA1MDIyNzd9.iW6Z7XqVFppcqK_gPAbU2LfAoTUcMB2BU5UqhHr_u4OpxGYDZ7yjf3wYuqKiK2t0
30586,30587,eyJhbGciOiJIUzM4NCJ9.eyJzdWIiOiJwZXJmX3VzZXJfNTgyIiwidXNlcklkIjozMDU4NiwiaWF0IjoxNzgwNDk1MDc3LCJleHAiOjE3ODA1MDIyNzd9.gzm8aDgWkYkkyp_KeDfmJYEdvSZ8KvM-L_vhnUYigEyMwtb_83_vIUDipnQo6uEj
30588,30589,eyJhbGciOiJIUzM4NCJ9.eyJzdWIiOiJwZXJmX3VzZXJfNTg0IiwidXNlcklkIjozMDU4OCwiaWF0IjoxNzgwNDk1MDc3LCJleHAiOjE3ODA1MDIyNzd9.ObsgSBcXhyFVaBBQqChbpkIpoilsPX_Nm0UecYbPDXY-OfxRhfDNp4t0aHwiUZzw
30590,30591,eyJhbGciOiJIUzM4NCJ9.eyJzdWIiOiJwZXJmX3VzZXJfNTg2IiwidXNlcklkIjozMDU5MCwiaWF0IjoxNzgwNDk1MDc3LCJleHAiOjE3ODA1MDIyNzd9.xllltz2bAEb_YJpd75DeZAfVKxOygRmLsSH6WNf3L-1kL1PF0-qtX078QVWt5zcI
30592,30593,eyJhbGciOiJIUzM4NCJ9.eyJzdWIiOiJwZXJmX3VzZXJfNTg4IiwidXNlcklkIjozMDU5MiwiaWF0IjoxNzgwNDk1MDc3LCJleHAiOjE3ODA1MDIyNzd9.EbcIh4BTkm_sqGoAm6ZrHBggsWEsp33RIx53CSIKDVeRl-xgKpOR7l002rIGz0F0
30594,30595,eyJhbGciOiJIUzM4NCJ9.eyJzdWIiOiJwZXJmX3VzZXJfNTkwIiwidXNlcklkIjozMDU5NCwiaWF0IjoxNzgwNDk1MDc3LCJleHAiOjE3ODA1MDIyNzd9.5QaG9AYwru5Tz_1tEZmNZMnRChW1P0YwkJyp8u4CG5EinKvauGR8Za4eA9GJxUiw
30596,30597,eyJhbGciOiJIUzM4NCJ9.eyJzdWIiOiJwZXJmX3VzZXJfNTkyIiwidXNlcklkIjozMDU5NiwiaWF0IjoxNzgwNDk1MDc3LCJleHAiOjE3ODA1MDIyNzd9.n-A20hf7TSd5W43S9quI1XiypKR3j21zLJurQbNEhywyXyAiFBacmlyY901kTimv
30598,30599,eyJhbGciOiJIUzM4NCJ9.eyJzdWIiOiJwZXJmX3VzZXJfNTk0IiwidXNlcklkIjozMDU5OCwiaWF0IjoxNzgwNDk1MDc3LCJleHAiOjE3ODA1MDIyNzd9.7Q7Odno0rjyzQA1FVLtpou9hibjDwXgZsn0Iu-9zS1p6f3zVj5RdmrQSJ1TPZtkt
30600,30601,eyJhbGciOiJIUzM4NCJ9.eyJzdWIiOiJwZXJmX3VzZXJfNTk2IiwidXNlcklkIjozMDYwMCwiaWF0IjoxNzgwNDk1MDc3LCJleHAiOjE3ODA1MDIyNzd9.k8y30jREqADCn63L7WtPG0BK-lakBDnUbgH6RuDOKJEVafUqqk_O76KosBiO1LZx
30602,30603,eyJhbGciOiJIUzM4NCJ9.eyJzdWIiOiJwZXJmX3VzZXJfNTk4IiwidXNlcklkIjozMDYwMiwiaWF0IjoxNzgwNDk1MDc3LCJleHAiOjE3ODA1MDIyNzd9.lesu7LT0-RiCZzF2YBVOENtCKgVPRDhLnlWkfcxxRZWKMKeAS_KFloiMuB3ZKwcC
30604,30605,eyJhbGciOiJIUzM4NCJ9.eyJzdWIiOiJwZXJmX3VzZXJfNjAwIiwidXNlcklkIjozMDYwNCwiaWF0IjoxNzgwNDk1MDc3LCJleHAiOjE3ODA1MDIyNzd9.VsIaT_4lRCVM8odVyL32yIRWPFrSy-FGWQTm45Emr9Vtg6mt96ffp0sYw2fiGP2m
30606,30607,eyJhbGciOiJIUzM4NCJ9.eyJzdWIiOiJwZXJmX3VzZXJfNjAyIiwidXNlcklkIjozMDYwNiwiaWF0IjoxNzgwNDk1MDc3LCJleHAiOjE3ODA1MDIyNzd9.r8MlB2xni3FmyvLVFA7P0mLTKEvAYvQTf79j0KXT_ZwNp14J6cVIimgdVU5xAC0G
30608,30609,eyJhbGciOiJIUzM4NCJ9.eyJzdWIiOiJwZXJmX3VzZXJfNjA0IiwidXNlcklkIjozMDYwOCwiaWF0IjoxNzgwNDk1MDc3LCJleHAiOjE3ODA1MDIyNzd9.ZDQ8LUbPQVeOLWx-zDJtEwgpFxwfBD-E8z25Caf0x3RHYAgvKvDH1-uvBvjW6Rcc
30610,30611,eyJhbGciOiJIUzM4NCJ9.eyJzdWIiOiJwZXJmX3VzZXJfNjA2IiwidXNlcklkIjozMDYxMCwiaWF0IjoxNzgwNDk1MDc3LCJleHAiOjE3ODA1MDIyNzd9.O8OL9vROvATP-Cgm8nz4yZ4ufnJ4a2k-iaxsDVvfeJYs2lnOq4_oZehNo3pprEDi
30612,30613,eyJhbGciOiJIUzM4NCJ9.eyJzdWIiOiJwZXJmX3VzZXJfNjA4IiwidXNlcklkIjozMDYxMiwiaWF0IjoxNzgwNDk1MDc3LCJleHAiOjE3ODA1MDIyNzd9.yfC67PLlzusbFJ-yURJxkT-BCzP96XSKjwfiGIH5wxVSy3YtKfzmKGjSoNW4_sde
30614,30615,eyJhbGciOiJIUzM4NCJ9.eyJzdWIiOiJwZXJmX3VzZXJfNjEwIiwidXNlcklkIjozMDYxNCwiaWF0IjoxNzgwNDk1MDc3LCJleHAiOjE3ODA1MDIyNzd9.IOKaxzsD4EB75e3R1SzP26ivHOZRMn1tEe4jlUIS_iiPIs4tUbY_WN4F3sFlJY65
30616,30617,eyJhbGciOiJIUzM4NCJ9.eyJzdWIiOiJwZXJmX3VzZXJfNjEyIiwidXNlcklkIjozMDYxNiwiaWF0IjoxNzgwNDk1MDc3LCJleHAiOjE3ODA1MDIyNzd9.Siu-DWmKy1BCM4AXk_oWbRGrONEG7IAYtTETMmQ5t0dmqd_FnlyF5JogRGJc3aU3
30618,30619,eyJhbGciOiJIUzM4NCJ9.eyJzdWIiOiJwZXJmX3VzZXJfNjE0IiwidXNlcklkIjozMDYxOCwiaWF0IjoxNzgwNDk1MDc3LCJleHAiOjE3ODA1MDIyNzd9.04Mr0RpCxrhHWtOcYxEb4hhGM_03hKSlRzKoqwkQUhrJfJbsMYfdUHAyEEdlIIDi
30620,30621,eyJhbGciOiJIUzM4NCJ9.eyJzdWIiOiJwZXJmX3VzZXJfNjE2IiwidXNlcklkIjozMDYyMCwiaWF0IjoxNzgwNDk1MDc3LCJleHAiOjE3ODA1MDIyNzd9._kadPSDL1Q-gvZvY7QAvgciWt8c8F7SPWlbfGxwg4dPoQhxydAe6lukYlkDIQofV
30622,30623,eyJhbGciOiJIUzM4NCJ9.eyJzdWIiOiJwZXJmX3VzZXJfNjE4IiwidXNlcklkIjozMDYyMiwiaWF0IjoxNzgwNDk1MDc3LCJleHAiOjE3ODA1MDIyNzd9.W4NCaPxYdTxK5Z4I8TixF13bPhsd-7wSGhCunKXhUMyTLNObXaC_BX-on91kvuct
30624,30625,eyJhbGciOiJIUzM4NCJ9.eyJzdWIiOiJwZXJmX3VzZXJfNjIwIiwidXNlcklkIjozMDYyNCwiaWF0IjoxNzgwNDk1MDc3LCJleHAiOjE3ODA1MDIyNzd9.3ksFGoBOHMA2Xkl_s-UtgUQ9HTMREH2s8uCbOIJo-EZfi-utw3cexfsdnL7XWy8R
30626,30627,eyJhbGciOiJIUzM4NCJ9.eyJzdWIiOiJwZXJmX3VzZXJfNjIyIiwidXNlcklkIjozMDYyNiwiaWF0IjoxNzgwNDk1MDc3LCJleHAiOjE3ODA1MDIyNzd9.3g-D_0i588xuD1nD6BZdBVT7vllrhjsC691zzAiMIlqEbZjOBSSr4Kc1FlYPwvKf
30628,30629,eyJhbGciOiJIUzM4NCJ9.eyJzdWIiOiJwZXJmX3VzZXJfNjI0IiwidXNlcklkIjozMDYyOCwiaWF0IjoxNzgwNDk1MDc3LCJleHAiOjE3ODA1MDIyNzd9.mUYGH6XQR9Xz-NxAJP44OFZT8byFwWex_4hwSw26sCgFCiLrh_YSdHz4mqk_BUR0
30630,30631,eyJhbGciOiJIUzM4NCJ9.eyJzdWIiOiJwZXJmX3VzZXJfNjI2IiwidXNlcklkIjozMDYzMCwiaWF0IjoxNzgwNDk1MDc3LCJleHAiOjE3ODA1MDIyNzd9.9Njo91pz07slUt3tDcBcPz4uqbHxRIrTL2J-wmSJSg1o1seOOqXdd8YdugRgcQZK
30632,30633,eyJhbGciOiJIUzM4NCJ9.eyJzdWIiOiJwZXJmX3VzZXJfNjI4IiwidXNlcklkIjozMDYzMiwiaWF0IjoxNzgwNDk1MDc3LCJleHAiOjE3ODA1MDIyNzd9.0wV6FvePr3PYGKRkSDpv5fJWlrxz79T4lchPZcXwmbZE8V2XcQsBB-7ZdkVOrMRt
30634,30635,eyJhbGciOiJIUzM4NCJ9.eyJzdWIiOiJwZXJmX3VzZXJfNjMwIiwidXNlcklkIjozMDYzNCwiaWF0IjoxNzgwNDk1MDc3LCJleHAiOjE3ODA1MDIyNzd9.SaRJuRW1FPiyrEmubJ-5MD6mXYvu-M1WIjWVjPuaRWzGQ-0kXBhAr2vIEEk780V8
30636,30637,eyJhbGciOiJIUzM4NCJ9.eyJzdWIiOiJwZXJmX3VzZXJfNjMyIiwidXNlcklkIjozMDYzNiwiaWF0IjoxNzgwNDk1MDc3LCJleHAiOjE3ODA1MDIyNzd9.S8VjwNPArie-f9RemtcfEjGlbn54Oq_9d37KKPYw9RbtNc5OnmaJtp6cLIonEXJM
30638,30639,eyJhbGciOiJIUzM4NCJ9.eyJzdWIiOiJwZXJmX3VzZXJfNjM0IiwidXNlcklkIjozMDYzOCwiaWF0IjoxNzgwNDk1MDc3LCJleHAiOjE3ODA1MDIyNzd9.e4WeE1_Zy57F3flMjpgFjemU78Ckk6YTGzPT-QIXPOWWjPVM3-nbgo47DMF7GR3z
30640,30641,eyJhbGciOiJIUzM4NCJ9.eyJzdWIiOiJwZXJmX3VzZXJfNjM2IiwidXNlcklkIjozMDY0MCwiaWF0IjoxNzgwNDk1MDc3LCJleHAiOjE3ODA1MDIyNzd9.t--ok9r_6zIGM8322cN5hwW-rJxcj2KihKsgXugSiQ6BtzNs9QMN8Y8POit4YmbT
30642,30643,eyJhbGciOiJIUzM4NCJ9.eyJzdWIiOiJwZXJmX3VzZXJfNjM4IiwidXNlcklkIjozMDY0MiwiaWF0IjoxNzgwNDk1MDc3LCJleHAiOjE3ODA1MDIyNzd9.JjCIBqYzsuJca4JOBHPSNK0Ttb0zVmTw9E9KAoCtcjwD_19Am1HJFclXJiWI9Cf_
30644,30645,eyJhbGciOiJIUzM4NCJ9.eyJzdWIiOiJwZXJmX3VzZXJfNjQwIiwidXNlcklkIjozMDY0NCwiaWF0IjoxNzgwNDk1MDc3LCJleHAiOjE3ODA1MDIyNzd9.J2Js86ie6Taysfh8-7jHTS_tH2vC23CsGd6TR2lvcUf-XSSPGUV_wlvo_pXQ7wM6
30646,30647,eyJhbGciOiJIUzM4NCJ9.eyJzdWIiOiJwZXJmX3VzZXJfNjQyIiwidXNlcklkIjozMDY0NiwiaWF0IjoxNzgwNDk1MDc3LCJleHAiOjE3ODA1MDIyNzd9.TC7uC-CMhtmxMKI5251vkqj0rszbWmHBT-Os9JSbW2yOLujmeZtJ0DlaAn_g18O_
30648,30649,eyJhbGciOiJIUzM4NCJ9.eyJzdWIiOiJwZXJmX3VzZXJfNjQ0IiwidXNlcklkIjozMDY0OCwiaWF0IjoxNzgwNDk1MDc3LCJleHAiOjE3ODA1MDIyNzd9.EtZbtyeqYCmsbEKCRAdX9XyVvqrjduYXAs2DHZe3PbRiAB2Ur6s427bgNiFOqp3C
30650,30651,eyJhbGciOiJIUzM4NCJ9.eyJzdWIiOiJwZXJmX3VzZXJfNjQ2IiwidXNlcklkIjozMDY1MCwiaWF0IjoxNzgwNDk1MDc3LCJleHAiOjE3ODA1MDIyNzd9.Nnw3z4mqL8XSPxlruu74ZJL-sgwjDgYzJZ9FAxup77aTlBZAlcBOfoqGlwuGSd-z
30652,30653,eyJhbGciOiJIUzM4NCJ9.eyJzdWIiOiJwZXJmX3VzZXJfNjQ4IiwidXNlcklkIjozMDY1MiwiaWF0IjoxNzgwNDk1MDc3LCJleHAiOjE3ODA1MDIyNzd9.5upLCHd2mmkrUqFtg_cMst5NcEcjwmdaEoFpu5tnvVGxlNzAsYqM8wELN7IvQD4J
30654,30655,eyJhbGciOiJIUzM4NCJ9.eyJzdWIiOiJwZXJmX3VzZXJfNjUwIiwidXNlcklkIjozMDY1NCwiaWF0IjoxNzgwNDk1MDc3LCJleHAiOjE3ODA1MDIyNzd9.qVdZ3pmxvC2wQL3UT8Qvz0mFBLJKiRy_FyoDa2K4RhB1iEXxXVKBfQCIYRr6YG9E
30656,30657,eyJhbGciOiJIUzM4NCJ9.eyJzdWIiOiJwZXJmX3VzZXJfNjUyIiwidXNlcklkIjozMDY1NiwiaWF0IjoxNzgwNDk1MDc3LCJleHAiOjE3ODA1MDIyNzd9.XeYd_vHBl4979zJJEkjef9upfdgWP6nohWT2xKVtRK6IUf9a0s85sTNe24FrdGR8
30658,30659,eyJhbGciOiJIUzM4NCJ9.eyJzdWIiOiJwZXJmX3VzZXJfNjU0IiwidXNlcklkIjozMDY1OCwiaWF0IjoxNzgwNDk1MDc3LCJleHAiOjE3ODA1MDIyNzd9.P267aGQj-DPkH63I0nilbNBSM2681iefhUj3OHrMIWuOYR4j88dlMczxspfU96Rx
30660,30661,eyJhbGciOiJIUzM4NCJ9.eyJzdWIiOiJwZXJmX3VzZXJfNjU2IiwidXNlcklkIjozMDY2MCwiaWF0IjoxNzgwNDk1MDc3LCJleHAiOjE3ODA1MDIyNzd9.a9cBFkyllCfMrLaZsW7h4QRiScx2KDRTqvW46yYSSpEW1WmBZhfCJXSeiwX-K_av
30662,30663,eyJhbGciOiJIUzM4NCJ9.eyJzdWIiOiJwZXJmX3VzZXJfNjU4IiwidXNlcklkIjozMDY2MiwiaWF0IjoxNzgwNDk1MDc3LCJleHAiOjE3ODA1MDIyNzd9.9U8RnLxF2VcvhQ3fc9ei6HLPfT4-huTj_uTpw9JkzpRg04BEIA0djoqHtS7xNyjW
30664,30665,eyJhbGciOiJIUzM4NCJ9.eyJzdWIiOiJwZXJmX3VzZXJfNjYwIiwidXNlcklkIjozMDY2NCwiaWF0IjoxNzgwNDk1MDc3LCJleHAiOjE3ODA1MDIyNzd9.qWEb4pZgmgtID-CtG5JxePOJrdtgAl99at1p-fvhLlB7Iau1E8KQQeLnOiIJnGOO
30666,30667,eyJhbGciOiJIUzM4NCJ9.eyJzdWIiOiJwZXJmX3VzZXJfNjYyIiwidXNlcklkIjozMDY2NiwiaWF0IjoxNzgwNDk1MDc3LCJleHAiOjE3ODA1MDIyNzd9.OC9U85EOr3sA1Bj08gpQXlnzs-Yo2e5WUtm1OQ1KDfaLeHM-SrfwA2n6v7b0LHGS
30668,30669,eyJhbGciOiJIUzM4NCJ9.eyJzdWIiOiJwZXJmX3VzZXJfNjY0IiwidXNlcklkIjozMDY2OCwiaWF0IjoxNzgwNDk1MDc3LCJleHAiOjE3ODA1MDIyNzd9.dI3l4dXVHOtP_b4Zfcr5QrHqslNLvKu5xKfhes9s5CsNDbCAiGzzrqJ0j_Hwc9ir
30670,30671,eyJhbGciOiJIUzM4NCJ9.eyJzdWIiOiJwZXJmX3VzZXJfNjY2IiwidXNlcklkIjozMDY3MCwiaWF0IjoxNzgwNDk1MDc3LCJleHAiOjE3ODA1MDIyNzd9.i4gAUZva-k7AVPb8CjH9Wa1nkj6vckVfm71B6G3FLmLPXZhSULN-LJ9qySRsHPqd
30672,30673,eyJhbGciOiJIUzM4NCJ9.eyJzdWIiOiJwZXJmX3VzZXJfNjY4IiwidXNlcklkIjozMDY3MiwiaWF0IjoxNzgwNDk1MDc3LCJleHAiOjE3ODA1MDIyNzd9.kTuvokuK_LJE-25zjaXt_AJ_jWMW89rKo9Chjx8k8YjE9fD_D94roZHPEcDex4vG
30674,30675,eyJhbGciOiJIUzM4NCJ9.eyJzdWIiOiJwZXJmX3VzZXJfNjcwIiwidXNlcklkIjozMDY3NCwiaWF0IjoxNzgwNDk1MDc3LCJleHAiOjE3ODA1MDIyNzd9.U9wb35JvxPCkQ_n3UIo4Jh8af4qiLhtrAxrcGMwy9Ad3JUKrgvSzKS3LigfxH84q
30676,30677,eyJhbGciOiJIUzM4NCJ9.eyJzdWIiOiJwZXJmX3VzZXJfNjcyIiwidXNlcklkIjozMDY3NiwiaWF0IjoxNzgwNDk1MDc3LCJleHAiOjE3ODA1MDIyNzd9.znk1ldWkkPr9Oauxr1gxm5ze93au5nNXx0wweoG0P5h1pYzqqqf-iKYwJVpziey_
30678,30679,eyJhbGciOiJIUzM4NCJ9.eyJzdWIiOiJwZXJmX3VzZXJfNjc0IiwidXNlcklkIjozMDY3OCwiaWF0IjoxNzgwNDk1MDc3LCJleHAiOjE3ODA1MDIyNzd9.uZglo7WxxgmSnqIVaOTK47IeCBAbWIYNeEKY7lAYdlki8Sjw_ozbraepfXkrs7ui
30680,30681,eyJhbGciOiJIUzM4NCJ9.eyJzdWIiOiJwZXJmX3VzZXJfNjc2IiwidXNlcklkIjozMDY4MCwiaWF0IjoxNzgwNDk1MDc3LCJleHAiOjE3ODA1MDIyNzd9.j9ONXgV9gx3tW2gcOYn_AJTYrrwhxm2LYQ5shLCEQMuXhS0t7WFtc-JBEPCzfann
30682,30683,eyJhbGciOiJIUzM4NCJ9.eyJzdWIiOiJwZXJmX3VzZXJfNjc4IiwidXNlcklkIjozMDY4MiwiaWF0IjoxNzgwNDk1MDc3LCJleHAiOjE3ODA1MDIyNzd9.UNRcibASelpefNm9mPWBz_ceK323paI8Cr1BaTBNXfS_fXODZED6EAUHDFFoard8
30684,30685,eyJhbGciOiJIUzM4NCJ9.eyJzdWIiOiJwZXJmX3VzZXJfNjgwIiwidXNlcklkIjozMDY4NCwiaWF0IjoxNzgwNDk1MDc3LCJleHAiOjE3ODA1MDIyNzd9.7ogRciet8nGIda2dFXH2Ua9yL56eEy_Ae7rdWMYJw5UJjcVZ-w3ZUTHzYV4kAbGG
30686,30687,eyJhbGciOiJIUzM4NCJ9.eyJzdWIiOiJwZXJmX3VzZXJfNjgyIiwidXNlcklkIjozMDY4NiwiaWF0IjoxNzgwNDk1MDc3LCJleHAiOjE3ODA1MDIyNzd9.tvWhrPBI6XMnfD0vXHZcL8rrRzjdJ4VN9yaaAEkZrDJmvucC-VlNfpNTSn-GM0Nd
30688,30689,eyJhbGciOiJIUzM4NCJ9.eyJzdWIiOiJwZXJmX3VzZXJfNjg0IiwidXNlcklkIjozMDY4OCwiaWF0IjoxNzgwNDk1MDc3LCJleHAiOjE3ODA1MDIyNzd9.u0kCJbxyZg20cWSwN_lc8xCYKTegjd3w9yqWvbWf-G_UTP3GKR_n43SW5SXuoJrW
30690,30691,eyJhbGciOiJIUzM4NCJ9.eyJzdWIiOiJwZXJmX3VzZXJfNjg2IiwidXNlcklkIjozMDY5MCwiaWF0IjoxNzgwNDk1MDc3LCJleHAiOjE3ODA1MDIyNzd9.lFmjCmYnCHyeAmFlz8WgSpK7PklE_rD6VuqX5j5cVaNrguHybn6enCeVu1eGl5y7
30692,30693,eyJhbGciOiJIUzM4NCJ9.eyJzdWIiOiJwZXJmX3VzZXJfNjg4IiwidXNlcklkIjozMDY5MiwiaWF0IjoxNzgwNDk1MDc3LCJleHAiOjE3ODA1MDIyNzd9.i9ebgxUSLY3IAPDGnCbKQyJDIdE1Ute0HyEvYdjdeKjHJg2oFMHWfMlFbOcPM0DC
30694,30695,eyJhbGciOiJIUzM4NCJ9.eyJzdWIiOiJwZXJmX3VzZXJfNjkwIiwidXNlcklkIjozMDY5NCwiaWF0IjoxNzgwNDk1MDc3LCJleHAiOjE3ODA1MDIyNzd9.wEQewTHlUzdz7sIZe-1sEoIhQ7l2BIv9ZPbApo88R7v71Y0b6KgtJ0TIuKC6D9VW
30696,30697,eyJhbGciOiJIUzM4NCJ9.eyJzdWIiOiJwZXJmX3VzZXJfNjkyIiwidXNlcklkIjozMDY5NiwiaWF0IjoxNzgwNDk1MDc3LCJleHAiOjE3ODA1MDIyNzd9.eVnqSa1QhAC9Rp5WliAZuAbV1ZRVYT7q5P9DHc2IiQu_qujEWHBHBtQvTHD0RVH1
30698,30699,eyJhbGciOiJIUzM4NCJ9.eyJzdWIiOiJwZXJmX3VzZXJfNjk0IiwidXNlcklkIjozMDY5OCwiaWF0IjoxNzgwNDk1MDc3LCJleHAiOjE3ODA1MDIyNzd9.bkxTge1qD8GYNZalug74gz5IMfHq8fbIKQgUo5KAJwAoq_rsnQUN5oWk7-oBYQga
30700,30701,eyJhbGciOiJIUzM4NCJ9.eyJzdWIiOiJwZXJmX3VzZXJfNjk2IiwidXNlcklkIjozMDcwMCwiaWF0IjoxNzgwNDk1MDc3LCJleHAiOjE3ODA1MDIyNzd9.wY8yj3D2bLmKCHJOwcFWLI0mTM2E2OBm7_5TnEpy7x88s9vnVX33Y0YQrlNxiwI3
30702,30703,eyJhbGciOiJIUzM4NCJ9.eyJzdWIiOiJwZXJmX3VzZXJfNjk4IiwidXNlcklkIjozMDcwMiwiaWF0IjoxNzgwNDk1MDc3LCJleHAiOjE3ODA1MDIyNzd9.fhdUfgW1-G627cn4oKgCn8kjC3CQUaaHUmwwW1Q0h3Fp3EBuFymCxcSzpr14raqn
30704,30705,eyJhbGciOiJIUzM4NCJ9.eyJzdWIiOiJwZXJmX3VzZXJfNzAwIiwidXNlcklkIjozMDcwNCwiaWF0IjoxNzgwNDk1MDc3LCJleHAiOjE3ODA1MDIyNzd9.rG72pFFxrw1opQ1PAfWh2RdbNMmsWmQAho7ccJNGPh-ygFD9JV83r13EhBvvIDpT
30706,30707,eyJhbGciOiJIUzM4NCJ9.eyJzdWIiOiJwZXJmX3VzZXJfNzAyIiwidXNlcklkIjozMDcwNiwiaWF0IjoxNzgwNDk1MDc3LCJleHAiOjE3ODA1MDIyNzd9.nxcEl3bgtj7CDnK0KfmOVQGUJtLlG5qY-qIO-1cMPsaagfwgR3Yv92uqqXEoXPqY
30708,30709,eyJhbGciOiJIUzM4NCJ9.eyJzdWIiOiJwZXJmX3VzZXJfNzA0IiwidXNlcklkIjozMDcwOCwiaWF0IjoxNzgwNDk1MDc3LCJleHAiOjE3ODA1MDIyNzd9.luQwHMYbiy6pHyeU2JruN2PkbE7nBIOYsODgCbXYX8kCCRd2yuyO2Zfa6r8BUb8X
30710,30711,eyJhbGciOiJIUzM4NCJ9.eyJzdWIiOiJwZXJmX3VzZXJfNzA2IiwidXNlcklkIjozMDcxMCwiaWF0IjoxNzgwNDk1MDc3LCJleHAiOjE3ODA1MDIyNzd9.SMxYcMGWFeZ5TLKcuxucguzqqUQJ3PW4TYEZ4vQ9Cnz_fNVAJSbEUgNsUHo8n78h
30712,30713,eyJhbGciOiJIUzM4NCJ9.eyJzdWIiOiJwZXJmX3VzZXJfNzA4IiwidXNlcklkIjozMDcxMiwiaWF0IjoxNzgwNDk1MDc3LCJleHAiOjE3ODA1MDIyNzd9.oQm7jDAIdfq0YXhmNOvKdPcnj7qomojc8z3O2JBeSklmO9VGbIHSJ5pVSAiyYyub
30714,30715,eyJhbGciOiJIUzM4NCJ9.eyJzdWIiOiJwZXJmX3VzZXJfNzEwIiwidXNlcklkIjozMDcxNCwiaWF0IjoxNzgwNDk1MDc3LCJleHAiOjE3ODA1MDIyNzd9.GWZyeDVieqpWdCka7dRoPLKdOZQi7geAIjvT-DuE-hJPgDc5GeDyYymuzpqZbsn7
30716,30717,eyJhbGciOiJIUzM4NCJ9.eyJzdWIiOiJwZXJmX3VzZXJfNzEyIiwidXNlcklkIjozMDcxNiwiaWF0IjoxNzgwNDk1MDc3LCJleHAiOjE3ODA1MDIyNzd9.OwdVhFQCJA4qCipIAKvBkEyoPCWo2rlprkFnEMPDQHNAlw0okxALu5Gh3oavWwxG
30718,30719,eyJhbGciOiJIUzM4NCJ9.eyJzdWIiOiJwZXJmX3VzZXJfNzE0IiwidXNlcklkIjozMDcxOCwiaWF0IjoxNzgwNDk1MDc3LCJleHAiOjE3ODA1MDIyNzd9.mc57by55KQ9frwJ_61pspCprUDTof2zMaxZbKip4BJsm6X_Pnb0rG9lwoarKMv-9
30720,30721,eyJhbGciOiJIUzM4NCJ9.eyJzdWIiOiJwZXJmX3VzZXJfNzE2IiwidXNlcklkIjozMDcyMCwiaWF0IjoxNzgwNDk1MDc3LCJleHAiOjE3ODA1MDIyNzd9._6Abt56mFq3F2lIH9DO0drl1EiPTd2FCIDMp3809tcNH6QHWwNwR4mtxWz32g8Qf
30722,30723,eyJhbGciOiJIUzM4NCJ9.eyJzdWIiOiJwZXJmX3VzZXJfNzE4IiwidXNlcklkIjozMDcyMiwiaWF0IjoxNzgwNDk1MDc3LCJleHAiOjE3ODA1MDIyNzd9.ci557o8HMp4HL2lQmsBwHQe4wQdkgpMfczfxnYEL-gbAQvkU7VJGgYY2crBFwHE3
30724,30725,eyJhbGciOiJIUzM4NCJ9.eyJzdWIiOiJwZXJmX3VzZXJfNzIwIiwidXNlcklkIjozMDcyNCwiaWF0IjoxNzgwNDk1MDc3LCJleHAiOjE3ODA1MDIyNzd9.HPFUHMuz5KBrCfUJcwF_iLXN50aog872fj3KN85-cACkhARDMjNGNudfq6FalyZh
30726,30727,eyJhbGciOiJIUzM4NCJ9.eyJzdWIiOiJwZXJmX3VzZXJfNzIyIiwidXNlcklkIjozMDcyNiwiaWF0IjoxNzgwNDk1MDc3LCJleHAiOjE3ODA1MDIyNzd9.O3eyLb2pQ4k_peeRvE2spqs3_xD21UX9OyjbZt0uS8_4mQWVRwfK9gmxjcW0Ph5-
30728,30729,eyJhbGciOiJIUzM4NCJ9.eyJzdWIiOiJwZXJmX3VzZXJfNzI0IiwidXNlcklkIjozMDcyOCwiaWF0IjoxNzgwNDk1MDc3LCJleHAiOjE3ODA1MDIyNzd9.OKJsN9MRC9XqjevCAnY6oObOkISOJH-SfE2y7403J8hsy2YScY_tsgpZMjWNcvMG
30730,30731,eyJhbGciOiJIUzM4NCJ9.eyJzdWIiOiJwZXJmX3VzZXJfNzI2IiwidXNlcklkIjozMDczMCwiaWF0IjoxNzgwNDk1MDc3LCJleHAiOjE3ODA1MDIyNzd9.FBpJ_o8HtG2FGNBzRdDKxOKXqLjoNf9iTnvpMOuUNCwIOyDTO_ah4R7tXcnnA0uH
30732,30733,eyJhbGciOiJIUzM4NCJ9.eyJzdWIiOiJwZXJmX3VzZXJfNzI4IiwidXNlcklkIjozMDczMiwiaWF0IjoxNzgwNDk1MDc3LCJleHAiOjE3ODA1MDIyNzd9.MN842naKiwudH073LL0YBzGSRFlVLlezIcWIvqNIE-VNHry-kW3yRMkgl5sPg6XQ
30734,30735,eyJhbGciOiJIUzM4NCJ9.eyJzdWIiOiJwZXJmX3VzZXJfNzMwIiwidXNlcklkIjozMDczNCwiaWF0IjoxNzgwNDk1MDc3LCJleHAiOjE3ODA1MDIyNzd9.CWcdIszXjSJa9XBCKrb9HC1VZ3i-0jJFoaqkvvmXXKzLQ0xlb5Zfd9aW1lOZXIPR
30736,30737,eyJhbGciOiJIUzM4NCJ9.eyJzdWIiOiJwZXJmX3VzZXJfNzMyIiwidXNlcklkIjozMDczNiwiaWF0IjoxNzgwNDk1MDc3LCJleHAiOjE3ODA1MDIyNzd9._ucLmFHgsS-DddUWKhV74AF_xTcdq7EA1-_SVwz1ohqcmB6S48N3ppnXh0RsfYZK
30738,30739,eyJhbGciOiJIUzM4NCJ9.eyJzdWIiOiJwZXJmX3VzZXJfNzM0IiwidXNlcklkIjozMDczOCwiaWF0IjoxNzgwNDk1MDc3LCJleHAiOjE3ODA1MDIyNzd9.Mh_Eq5EC-C29iHC-_dZGfCfhXbTxo-1dh0A7YIijhCZOqTS2Lkh5g3fA13erKbaU
30740,30741,eyJhbGciOiJIUzM4NCJ9.eyJzdWIiOiJwZXJmX3VzZXJfNzM2IiwidXNlcklkIjozMDc0MCwiaWF0IjoxNzgwNDk1MDc3LCJleHAiOjE3ODA1MDIyNzd9.GPHx_Rvj0-Oz_d1wpHpjSuWN8Qp1D-3pkqc_qcqMNUK0X5nraRqNgJ2xihPQV-fE
30742,30743,eyJhbGciOiJIUzM4NCJ9.eyJzdWIiOiJwZXJmX3VzZXJfNzM4IiwidXNlcklkIjozMDc0MiwiaWF0IjoxNzgwNDk1MDc3LCJleHAiOjE3ODA1MDIyNzd9.Wh8nLE1vCAGaknTQPuVckuI_iPPrq9I33kE6dkcsPp7hJVnxdFVsdUg1SkgSXRt6
30744,30745,eyJhbGciOiJIUzM4NCJ9.eyJzdWIiOiJwZXJmX3VzZXJfNzQwIiwidXNlcklkIjozMDc0NCwiaWF0IjoxNzgwNDk1MDc3LCJleHAiOjE3ODA1MDIyNzd9.CVZclvSJbCfg-1o0lCTrO8EykOjFWNEYkxaRR1_NxIf2xbRGqABId4rXelBAdjTe
30746,30747,eyJhbGciOiJIUzM4NCJ9.eyJzdWIiOiJwZXJmX3VzZXJfNzQyIiwidXNlcklkIjozMDc0NiwiaWF0IjoxNzgwNDk1MDc3LCJleHAiOjE3ODA1MDIyNzd9.oryMb-APCrpz7cyEzQGA5cV8zG7EC6iyspTYwIRg_usg3R3LsTuEEZTYMzgoddBW
30748,30749,eyJhbGciOiJIUzM4NCJ9.eyJzdWIiOiJwZXJmX3VzZXJfNzQ0IiwidXNlcklkIjozMDc0OCwiaWF0IjoxNzgwNDk1MDc3LCJleHAiOjE3ODA1MDIyNzd9.VZ8u01SpzXT7i5bFrGvD4dYIsDct_Iahu0WFxWt9GH1uBM1NYJR1tipzNf8Pp_Ze
30750,30751,eyJhbGciOiJIUzM4NCJ9.eyJzdWIiOiJwZXJmX3VzZXJfNzQ2IiwidXNlcklkIjozMDc1MCwiaWF0IjoxNzgwNDk1MDc3LCJleHAiOjE3ODA1MDIyNzd9.3X50_-0Bt4hBCgk10wZ15d20qWAvE2akaYMZXi1OoGayGIEaB5q8ifNQ7F221YDf
30752,30753,eyJhbGciOiJIUzM4NCJ9.eyJzdWIiOiJwZXJmX3VzZXJfNzQ4IiwidXNlcklkIjozMDc1MiwiaWF0IjoxNzgwNDk1MDc3LCJleHAiOjE3ODA1MDIyNzd9.5ojGOwgbu0tnxbOS_wdkPxVvTwM06UY0RKtPhX5OvCDfVDpXIqO_9A0cT7EQZ9em
30754,30755,eyJhbGciOiJIUzM4NCJ9.eyJzdWIiOiJwZXJmX3VzZXJfNzUwIiwidXNlcklkIjozMDc1NCwiaWF0IjoxNzgwNDk1MDc3LCJleHAiOjE3ODA1MDIyNzd9.B0kZK9E_2D6mKuyqtlnLSd9zQG20ge7ADGF5zH5EUsuWHsc0A8-Us0NqYFCWZtGh
30756,30757,eyJhbGciOiJIUzM4NCJ9.eyJzdWIiOiJwZXJmX3VzZXJfNzUyIiwidXNlcklkIjozMDc1NiwiaWF0IjoxNzgwNDk1MDc3LCJleHAiOjE3ODA1MDIyNzd9.Kn70QQ1NpsZWrT_5h9YiEzh5VSqGovc9oEEO_OE2Og1XH0x-3Df7360Mj4dsdbuB
30758,30759,eyJhbGciOiJIUzM4NCJ9.eyJzdWIiOiJwZXJmX3VzZXJfNzU0IiwidXNlcklkIjozMDc1OCwiaWF0IjoxNzgwNDk1MDc3LCJleHAiOjE3ODA1MDIyNzd9.5WsHMw-mkgoL1M7Fnh1QChwiJQsqltzbM_jMJ7MjmT0qepWicodRjHkLW33bdnYE
30760,30761,eyJhbGciOiJIUzM4NCJ9.eyJzdWIiOiJwZXJmX3VzZXJfNzU2IiwidXNlcklkIjozMDc2MCwiaWF0IjoxNzgwNDk1MDc3LCJleHAiOjE3ODA1MDIyNzd9.J7mF8qv-j_utEfqcFxyVvErij6SsuoREwTFD1asjyYMQnW07MNeJBzGGuHHwUBCM
30762,30763,eyJhbGciOiJIUzM4NCJ9.eyJzdWIiOiJwZXJmX3VzZXJfNzU4IiwidXNlcklkIjozMDc2MiwiaWF0IjoxNzgwNDk1MDc3LCJleHAiOjE3ODA1MDIyNzd9.2GtU5C1ws3kZ_HbyVd5rDJPjwYMivQGNuTD1EZ9Ai7sK5nEt35vakJdtGiBXbwwe
30764,30765,eyJhbGciOiJIUzM4NCJ9.eyJzdWIiOiJwZXJmX3VzZXJfNzYwIiwidXNlcklkIjozMDc2NCwiaWF0IjoxNzgwNDk1MDc3LCJleHAiOjE3ODA1MDIyNzd9.gl8nuJGk89k0toKNw5y9Xg9O9W2xEMJH9xqRdaKXmWvJpmQmAAfQtLrDhJJMajim
30766,30767,eyJhbGciOiJIUzM4NCJ9.eyJzdWIiOiJwZXJmX3VzZXJfNzYyIiwidXNlcklkIjozMDc2NiwiaWF0IjoxNzgwNDk1MDc3LCJleHAiOjE3ODA1MDIyNzd9.NKHRozlhv407BfRdddsnwk1eR6_tE91Eb3qqCl40r0WbhLmM95VPotIv0YR5jrAK
30768,30769,eyJhbGciOiJIUzM4NCJ9.eyJzdWIiOiJwZXJmX3VzZXJfNzY0IiwidXNlcklkIjozMDc2OCwiaWF0IjoxNzgwNDk1MDc3LCJleHAiOjE3ODA1MDIyNzd9.bFZ2JIZyp0dd6iaR7CUmQMUPWw7c2pDy7D7SEY1eNEPfgiJ-i8Z7rsFU4tEEIcxM
30770,30771,eyJhbGciOiJIUzM4NCJ9.eyJzdWIiOiJwZXJmX3VzZXJfNzY2IiwidXNlcklkIjozMDc3MCwiaWF0IjoxNzgwNDk1MDc3LCJleHAiOjE3ODA1MDIyNzd9.cj6T_28zQUEAGTv6CbWrAsU1POKLHvmjDdoZ2ilztmq9uo7Wh40vZQjzm-vkICJj
30772,30773,eyJhbGciOiJIUzM4NCJ9.eyJzdWIiOiJwZXJmX3VzZXJfNzY4IiwidXNlcklkIjozMDc3MiwiaWF0IjoxNzgwNDk1MDc3LCJleHAiOjE3ODA1MDIyNzd9.-5kIY9-Vv17pC_IfquNapOlbH0OTOOxX4K0xOzKlnvoOmB00DGWg86WjSagral5M
30774,30775,eyJhbGciOiJIUzM4NCJ9.eyJzdWIiOiJwZXJmX3VzZXJfNzcwIiwidXNlcklkIjozMDc3NCwiaWF0IjoxNzgwNDk1MDc3LCJleHAiOjE3ODA1MDIyNzd9.COhj0wC_OxZORNSC1EhFuutGcEqjf60jCQMuF_QOdXnDBdwHEyAY7lvXdMIheWXb
30776,30777,eyJhbGciOiJIUzM4NCJ9.eyJzdWIiOiJwZXJmX3VzZXJfNzcyIiwidXNlcklkIjozMDc3NiwiaWF0IjoxNzgwNDk1MDc3LCJleHAiOjE3ODA1MDIyNzd9.NWpL8aMk-sNRnnsm6Ed79D_9UMd2ND4Z3fEDkZ20ugHmFMMraVNcwQjaArIgRLLg
30778,30779,eyJhbGciOiJIUzM4NCJ9.eyJzdWIiOiJwZXJmX3VzZXJfNzc0IiwidXNlcklkIjozMDc3OCwiaWF0IjoxNzgwNDk1MDc3LCJleHAiOjE3ODA1MDIyNzd9.jwf3DE5aHrwKmzoeNVeRJiv30SU7cX5RX6lp3yHYDVC7stV3AVnFAkS54Naxne7w
30780,30781,eyJhbGciOiJIUzM4NCJ9.eyJzdWIiOiJwZXJmX3VzZXJfNzc2IiwidXNlcklkIjozMDc4MCwiaWF0IjoxNzgwNDk1MDc3LCJleHAiOjE3ODA1MDIyNzd9.hm5hnUeHTGYr1aJ8XlfASCXm_a1OLD4JlQqkdZ2w0lmIZhEl_2RVViEXqAY4buxX
30782,30783,eyJhbGciOiJIUzM4NCJ9.eyJzdWIiOiJwZXJmX3VzZXJfNzc4IiwidXNlcklkIjozMDc4MiwiaWF0IjoxNzgwNDk1MDc3LCJleHAiOjE3ODA1MDIyNzd9.G3-Eg8DJGH8YIkCWFCZ0Q0VexPDmxjWzElEKnrlHsbKCyXz07I869rHWGUm15T6I
30784,30785,eyJhbGciOiJIUzM4NCJ9.eyJzdWIiOiJwZXJmX3VzZXJfNzgwIiwidXNlcklkIjozMDc4NCwiaWF0IjoxNzgwNDk1MDc3LCJleHAiOjE3ODA1MDIyNzd9.3ryzxKAgjAQyOmE0Btw6XmijX2vy54JrTwQhMrC1Qo29CEPN-bjTdEdXYatSKJZ1
30786,30787,eyJhbGciOiJIUzM4NCJ9.eyJzdWIiOiJwZXJmX3VzZXJfNzgyIiwidXNlcklkIjozMDc4NiwiaWF0IjoxNzgwNDk1MDc3LCJleHAiOjE3ODA1MDIyNzd9.rch_-3H2GQ8_f3mz5ss-gLgksUyG40r3EHJZKdISSiF4Q_-CW8EokPk4PCXMi9HY
30788,30789,eyJhbGciOiJIUzM4NCJ9.eyJzdWIiOiJwZXJmX3VzZXJfNzg0IiwidXNlcklkIjozMDc4OCwiaWF0IjoxNzgwNDk1MDc3LCJleHAiOjE3ODA1MDIyNzd9.KA0fWS5yRXvXCwHti4D6g8wtouBaku6nPFSQDUGy9l7zEtPuhmIn0Q8xk6UzLf5K
30790,30791,eyJhbGciOiJIUzM4NCJ9.eyJzdWIiOiJwZXJmX3VzZXJfNzg2IiwidXNlcklkIjozMDc5MCwiaWF0IjoxNzgwNDk1MDc3LCJleHAiOjE3ODA1MDIyNzd9.ds4bPzz0i33P4IiV0qoW0LQHpKsOskyCxaB6BifbdFYKcX4y5b8zdjwIyVebsNxS
30792,30793,eyJhbGciOiJIUzM4NCJ9.eyJzdWIiOiJwZXJmX3VzZXJfNzg4IiwidXNlcklkIjozMDc5MiwiaWF0IjoxNzgwNDk1MDc3LCJleHAiOjE3ODA1MDIyNzd9.htYBoGNLQkQi6nWYkP4PL0z84WbPj1l-k9_ZcvEzrCRqryFCy7HuzGkq0eT6m7S7
30794,30795,eyJhbGciOiJIUzM4NCJ9.eyJzdWIiOiJwZXJmX3VzZXJfNzkwIiwidXNlcklkIjozMDc5NCwiaWF0IjoxNzgwNDk1MDc3LCJleHAiOjE3ODA1MDIyNzd9.pl1McTXKqzerQbIC1ZuRKVY25JquP4x5jds6dY1adgfNKANVXt_mHVImB__VWOnq
30796,30797,eyJhbGciOiJIUzM4NCJ9.eyJzdWIiOiJwZXJmX3VzZXJfNzkyIiwidXNlcklkIjozMDc5NiwiaWF0IjoxNzgwNDk1MDc3LCJleHAiOjE3ODA1MDIyNzd9.D-ThfI6mID3E0PFDQRUaBqiRhysD4npYa-qjbY_fmnC5wocWgnhUCc6ORBGlHxw6
30798,30799,eyJhbGciOiJIUzM4NCJ9.eyJzdWIiOiJwZXJmX3VzZXJfNzk0IiwidXNlcklkIjozMDc5OCwiaWF0IjoxNzgwNDk1MDc3LCJleHAiOjE3ODA1MDIyNzd9.7Kc3mdI4zippdAi7OXnOxf7nIGZZaBQzPdbLRc3kmthVs-BsQ_8hgZhavmrCUR8e
30800,30801,eyJhbGciOiJIUzM4NCJ9.eyJzdWIiOiJwZXJmX3VzZXJfNzk2IiwidXNlcklkIjozMDgwMCwiaWF0IjoxNzgwNDk1MDc3LCJleHAiOjE3ODA1MDIyNzd9.uryUCdave8uaclS1lDdWzK3-wUFIteTKO5QwA_aV6Rrhos_bKc05rd9P9YatRZVM
30802,30803,eyJhbGciOiJIUzM4NCJ9.eyJzdWIiOiJwZXJmX3VzZXJfNzk4IiwidXNlcklkIjozMDgwMiwiaWF0IjoxNzgwNDk1MDc3LCJleHAiOjE3ODA1MDIyNzd9.V7atSnaIdSwICYPMMxDoLxeKCMuFrlFlkePqEQcocvuJz-7JrmM6HsCYdlfAWgdd
30804,30805,eyJhbGciOiJIUzM4NCJ9.eyJzdWIiOiJwZXJmX3VzZXJfODAwIiwidXNlcklkIjozMDgwNCwiaWF0IjoxNzgwNDk1MDc3LCJleHAiOjE3ODA1MDIyNzd9.sfX7zSVkROQYJoXPctWNWe4ZlqcCieJSBI-veYwPSRYE0kERg8L7DUl-IrL_NyWm
30806,30807,eyJhbGciOiJIUzM4NCJ9.eyJzdWIiOiJwZXJmX3VzZXJfODAyIiwidXNlcklkIjozMDgwNiwiaWF0IjoxNzgwNDk1MDc3LCJleHAiOjE3ODA1MDIyNzd9.I_y8Le2GS2UYA8YVqqSPZXkb9P95sTBHHtlf0qT6lCzGA3I6uxV2EYncbz6aoQI4
30808,30809,eyJhbGciOiJIUzM4NCJ9.eyJzdWIiOiJwZXJmX3VzZXJfODA0IiwidXNlcklkIjozMDgwOCwiaWF0IjoxNzgwNDk1MDc3LCJleHAiOjE3ODA1MDIyNzd9.Q-lxmjtgZeH9-vOfxz441GyC3YVcdGa2vH9FjyU9SgEX8HUZDJSzj8Tzk9UKxMXm
30810,30811,eyJhbGciOiJIUzM4NCJ9.eyJzdWIiOiJwZXJmX3VzZXJfODA2IiwidXNlcklkIjozMDgxMCwiaWF0IjoxNzgwNDk1MDc3LCJleHAiOjE3ODA1MDIyNzd9.Qa29rbm7bW3Zne18IvZdOWX3qtSduHBis396tNf1tN1yKKpQ6JY72xnx8l85FHLg
30812,30813,eyJhbGciOiJIUzM4NCJ9.eyJzdWIiOiJwZXJmX3VzZXJfODA4IiwidXNlcklkIjozMDgxMiwiaWF0IjoxNzgwNDk1MDc3LCJleHAiOjE3ODA1MDIyNzd9.ryMrjELwq4NZTTQJ1WrF4SPwRMuUEGV_TnleI-zQQqgLGWg-q1KXEN9eblAjz2nI
30814,30815,eyJhbGciOiJIUzM4NCJ9.eyJzdWIiOiJwZXJmX3VzZXJfODEwIiwidXNlcklkIjozMDgxNCwiaWF0IjoxNzgwNDk1MDc3LCJleHAiOjE3ODA1MDIyNzd9._zY0dJHrMmUD7sd2AqOTLJut6zYDmZ4t-08KgAy1fe0iOgjAz46Gi_e1N-V7ohbq
30816,30817,eyJhbGciOiJIUzM4NCJ9.eyJzdWIiOiJwZXJmX3VzZXJfODEyIiwidXNlcklkIjozMDgxNiwiaWF0IjoxNzgwNDk1MDc3LCJleHAiOjE3ODA1MDIyNzd9.QWBOE_3jFYjHA41FfIxhJyV8diOPdeTxtrA2Rm2aOvA7fQyAH_QpEkXf23iSIIxR
30818,30819,eyJhbGciOiJIUzM4NCJ9.eyJzdWIiOiJwZXJmX3VzZXJfODE0IiwidXNlcklkIjozMDgxOCwiaWF0IjoxNzgwNDk1MDc3LCJleHAiOjE3ODA1MDIyNzd9.ItJLRzS8HGnOar6jSZV4ECwe1Frc8VV9lTMN8gFHeMFjda13W-HVOIvJk_74s-xt
30820,30821,eyJhbGciOiJIUzM4NCJ9.eyJzdWIiOiJwZXJmX3VzZXJfODE2IiwidXNlcklkIjozMDgyMCwiaWF0IjoxNzgwNDk1MDc3LCJleHAiOjE3ODA1MDIyNzd9.QtFAxnHvWpT_x03gu_uyXdia1M0SqK8DytQug10Udlg6Im5Q0g_O5GhkAcLw7t2Y
30822,30823,eyJhbGciOiJIUzM4NCJ9.eyJzdWIiOiJwZXJmX3VzZXJfODE4IiwidXNlcklkIjozMDgyMiwiaWF0IjoxNzgwNDk1MDc3LCJleHAiOjE3ODA1MDIyNzd9.gmyXDw0HdWjHyE_0Fjkq0SVXiycfqLLivJy24Q9JVrgMyIjEZsJoKjNXo9VlmOnd
30824,30825,eyJhbGciOiJIUzM4NCJ9.eyJzdWIiOiJwZXJmX3VzZXJfODIwIiwidXNlcklkIjozMDgyNCwiaWF0IjoxNzgwNDk1MDc3LCJleHAiOjE3ODA1MDIyNzd9.kCkstdwc9ETMAWV3edQWLtjlGFUiW80L4TJ0NnqF5XTm02NUYbbjO_ywK4OOHu9y
30826,30827,eyJhbGciOiJIUzM4NCJ9.eyJzdWIiOiJwZXJmX3VzZXJfODIyIiwidXNlcklkIjozMDgyNiwiaWF0IjoxNzgwNDk1MDc3LCJleHAiOjE3ODA1MDIyNzd9.ngZLy5Yf-5Z7Q9rOV3UN4JMbpbEgv7j2q8sZOUluo6M9-b3UxKsGifvD5Hc6BN_5
30828,30829,eyJhbGciOiJIUzM4NCJ9.eyJzdWIiOiJwZXJmX3VzZXJfODI0IiwidXNlcklkIjozMDgyOCwiaWF0IjoxNzgwNDk1MDc3LCJleHAiOjE3ODA1MDIyNzd9.3yZNXh5cLNtkL5617UfM4OP7GPJdfl3JetLFddtIpykwdmag2NGIW5DiCcpLFwsv
30830,30831,eyJhbGciOiJIUzM4NCJ9.eyJzdWIiOiJwZXJmX3VzZXJfODI2IiwidXNlcklkIjozMDgzMCwiaWF0IjoxNzgwNDk1MDc3LCJleHAiOjE3ODA1MDIyNzd9.kDs-thw7fsNRlWhZW88gSTFKTyyvTPncbr7I3WwlsrKy3xUUqEcq5dtprUOQw2gA
30832,30833,eyJhbGciOiJIUzM4NCJ9.eyJzdWIiOiJwZXJmX3VzZXJfODI4IiwidXNlcklkIjozMDgzMiwiaWF0IjoxNzgwNDk1MDc3LCJleHAiOjE3ODA1MDIyNzd9.PAl700QuGsAz06A6e7MZSMX4EVuRcgxhQJBPkwAJZn9ysxLJr1v1_DXQc9PGMPAb
30834,30835,eyJhbGciOiJIUzM4NCJ9.eyJzdWIiOiJwZXJmX3VzZXJfODMwIiwidXNlcklkIjozMDgzNCwiaWF0IjoxNzgwNDk1MDc3LCJleHAiOjE3ODA1MDIyNzd9.D18RXKIBFQOGSlTz8MZXLnlf64kR1dWHO9WLOn5DVbLJMbbGuhM60hIXgCE2Zn5I
30836,30837,eyJhbGciOiJIUzM4NCJ9.eyJzdWIiOiJwZXJmX3VzZXJfODMyIiwidXNlcklkIjozMDgzNiwiaWF0IjoxNzgwNDk1MDc3LCJleHAiOjE3ODA1MDIyNzd9.BguWalbZ_NSYuFIKIyH42HJd6jZQTuvmPKWAItvwU8v7g44m6-XDY_fqOUdzOUiZ
30838,30839,eyJhbGciOiJIUzM4NCJ9.eyJzdWIiOiJwZXJmX3VzZXJfODM0IiwidXNlcklkIjozMDgzOCwiaWF0IjoxNzgwNDk1MDc3LCJleHAiOjE3ODA1MDIyNzd9.IHIRt15pK9haBq7Ht24frOCEwli_8IzDh0qtWkaOrGYtEg46AV_TWWjvk_EENCTn
30840,30841,eyJhbGciOiJIUzM4NCJ9.eyJzdWIiOiJwZXJmX3VzZXJfODM2IiwidXNlcklkIjozMDg0MCwiaWF0IjoxNzgwNDk1MDc3LCJleHAiOjE3ODA1MDIyNzd9.77GlrMgmXyHe4bLKpjZgOE2J0eaovd3cSTGhn2SVWt9v0i6nI8jEu5y3nNrDKUzE
30842,30843,eyJhbGciOiJIUzM4NCJ9.eyJzdWIiOiJwZXJmX3VzZXJfODM4IiwidXNlcklkIjozMDg0MiwiaWF0IjoxNzgwNDk1MDc3LCJleHAiOjE3ODA1MDIyNzd9.MGR1max70gWWw0GQmafa53DRufxp3PMhAZ8GbLZ2vFCJcLm23oWhGa0zznE6qyza
30844,30845,eyJhbGciOiJIUzM4NCJ9.eyJzdWIiOiJwZXJmX3VzZXJfODQwIiwidXNlcklkIjozMDg0NCwiaWF0IjoxNzgwNDk1MDc3LCJleHAiOjE3ODA1MDIyNzd9.8Ivdzv1o7A4uSrm9aZ0SgtRg5mvgUotx5vShcsoB8McfeKBRwuIHrgmyYGaMtwQX
30846,30847,eyJhbGciOiJIUzM4NCJ9.eyJzdWIiOiJwZXJmX3VzZXJfODQyIiwidXNlcklkIjozMDg0NiwiaWF0IjoxNzgwNDk1MDc3LCJleHAiOjE3ODA1MDIyNzd9.GhNJSEB9xZKzIXn84m5N0w6nmVh9WDfgH0vDnlmyF5lqlFr8Dihf1m2b8mgShlYU
30848,30849,eyJhbGciOiJIUzM4NCJ9.eyJzdWIiOiJwZXJmX3VzZXJfODQ0IiwidXNlcklkIjozMDg0OCwiaWF0IjoxNzgwNDk1MDc3LCJleHAiOjE3ODA1MDIyNzd9.Ese-TGiOfNuGR6rfEAVMvFTRmaq77lkX1CUFjZJgCp2wCb7aGeqO_LA7t_ELn2SB
30850,30851,eyJhbGciOiJIUzM4NCJ9.eyJzdWIiOiJwZXJmX3VzZXJfODQ2IiwidXNlcklkIjozMDg1MCwiaWF0IjoxNzgwNDk1MDc3LCJleHAiOjE3ODA1MDIyNzd9.vwBQOzv2bOiVgzNeS779js_133igVV5bWrq4H_n_o7SJnN0A-H6cD27dZUMVJfRK
30852,30853,eyJhbGciOiJIUzM4NCJ9.eyJzdWIiOiJwZXJmX3VzZXJfODQ4IiwidXNlcklkIjozMDg1MiwiaWF0IjoxNzgwNDk1MDc3LCJleHAiOjE3ODA1MDIyNzd9.p4rhgf3rY6ZUzP1Iujjv0mlW43qDXRgWqWArjmgDS0T1-MbDjPUzeL1yVsNBwaGe
30854,30855,eyJhbGciOiJIUzM4NCJ9.eyJzdWIiOiJwZXJmX3VzZXJfODUwIiwidXNlcklkIjozMDg1NCwiaWF0IjoxNzgwNDk1MDc3LCJleHAiOjE3ODA1MDIyNzd9.69SVkkhZZzXmvVuhLEgev1fCIr4tvEkjdWAOwPAgDtVRBzBYg-Po2Lu89wMMzgA_
30856,30857,eyJhbGciOiJIUzM4NCJ9.eyJzdWIiOiJwZXJmX3VzZXJfODUyIiwidXNlcklkIjozMDg1NiwiaWF0IjoxNzgwNDk1MDc3LCJleHAiOjE3ODA1MDIyNzd9.LwqI_eYvVjZKW25HmGyFVJOTVx2T8mudtT3PVIpk5mz0PM1W7J9fqt8w74TUb2-L
30858,30859,eyJhbGciOiJIUzM4NCJ9.eyJzdWIiOiJwZXJmX3VzZXJfODU0IiwidXNlcklkIjozMDg1OCwiaWF0IjoxNzgwNDk1MDc3LCJleHAiOjE3ODA1MDIyNzd9.vtZ4zeaai1I5mjsntsNzncDerIytwQnaNI24ckmvxdcM1JPCe8oFa9z-l5NxzNCQ
30860,30861,eyJhbGciOiJIUzM4NCJ9.eyJzdWIiOiJwZXJmX3VzZXJfODU2IiwidXNlcklkIjozMDg2MCwiaWF0IjoxNzgwNDk1MDc3LCJleHAiOjE3ODA1MDIyNzd9.ndTtVA3NDlm7fugrMxH0trxT5YbR3Psw6f-UNYNsPMhtdGhzT1En96f575BwFkRy
30862,30863,eyJhbGciOiJIUzM4NCJ9.eyJzdWIiOiJwZXJmX3VzZXJfODU4IiwidXNlcklkIjozMDg2MiwiaWF0IjoxNzgwNDk1MDc3LCJleHAiOjE3ODA1MDIyNzd9.Wz9J-jCyg7UXZEJkLnHFsVPfJSvul6OHokyxCB8q_ZtzbFq6P4JwqsRwUrrHWDnL
30864,30865,eyJhbGciOiJIUzM4NCJ9.eyJzdWIiOiJwZXJmX3VzZXJfODYwIiwidXNlcklkIjozMDg2NCwiaWF0IjoxNzgwNDk1MDc4LCJleHAiOjE3ODA1MDIyNzh9.ZIxJgtl3PpDFo7CaBscor_0QX_CSDcywT66iHdLFLubEg90IFnhsZwVImbPyhwCq
30866,30867,eyJhbGciOiJIUzM4NCJ9.eyJzdWIiOiJwZXJmX3VzZXJfODYyIiwidXNlcklkIjozMDg2NiwiaWF0IjoxNzgwNDk1MDc4LCJleHAiOjE3ODA1MDIyNzh9.vT0o3wqYwK8-VIJmv71swM-Fsyi58QCVyQHydNMg4QZ_EjG2aPzQVXzSQ1bifFdu
30868,30869,eyJhbGciOiJIUzM4NCJ9.eyJzdWIiOiJwZXJmX3VzZXJfODY0IiwidXNlcklkIjozMDg2OCwiaWF0IjoxNzgwNDk1MDc4LCJleHAiOjE3ODA1MDIyNzh9.EtYxvJFwk76bTuXZoXuBwskbUMSl-pfpMb4ZFDDhgRTyM9TJCYcyM4E3cgAjpJsz
30870,30871,eyJhbGciOiJIUzM4NCJ9.eyJzdWIiOiJwZXJmX3VzZXJfODY2IiwidXNlcklkIjozMDg3MCwiaWF0IjoxNzgwNDk1MDc4LCJleHAiOjE3ODA1MDIyNzh9.OLgQPgk5nayIh7RMuhbs-RTMUZtOPUK6l2mvTavY0n5D8Em8WHB1IObd9McLl7vo
30872,30873,eyJhbGciOiJIUzM4NCJ9.eyJzdWIiOiJwZXJmX3VzZXJfODY4IiwidXNlcklkIjozMDg3MiwiaWF0IjoxNzgwNDk1MDc4LCJleHAiOjE3ODA1MDIyNzh9.tDz9ZA-8r_9Zf0AxwGt9shkvTrTPsi0R4WFZdqRfGRYhXJzbkKoU2OmdIp_Ig3WX
30874,30875,eyJhbGciOiJIUzM4NCJ9.eyJzdWIiOiJwZXJmX3VzZXJfODcwIiwidXNlcklkIjozMDg3NCwiaWF0IjoxNzgwNDk1MDc4LCJleHAiOjE3ODA1MDIyNzh9.XD4OrapxyTWb8m5rfAGDbWOQpyPT_iPZ_AopmI-JN1HQ-xdwF-ajH5leFgjUz09e
30876,30877,eyJhbGciOiJIUzM4NCJ9.eyJzdWIiOiJwZXJmX3VzZXJfODcyIiwidXNlcklkIjozMDg3NiwiaWF0IjoxNzgwNDk1MDc4LCJleHAiOjE3ODA1MDIyNzh9.pelyYrIyJtHvNc6szOqhhNMRaS7rzl3KfD2Tb3xGRhF6V1xktCgvTSufGm_g-uUI
30878,30879,eyJhbGciOiJIUzM4NCJ9.eyJzdWIiOiJwZXJmX3VzZXJfODc0IiwidXNlcklkIjozMDg3OCwiaWF0IjoxNzgwNDk1MDc4LCJleHAiOjE3ODA1MDIyNzh9.zFOcewDiZkfEazsd3OhSyaI-oFXsvqSm2biz8AZoiRYWwUMlDRzn--0YClRzpaVb
30880,30881,eyJhbGciOiJIUzM4NCJ9.eyJzdWIiOiJwZXJmX3VzZXJfODc2IiwidXNlcklkIjozMDg4MCwiaWF0IjoxNzgwNDk1MDc4LCJleHAiOjE3ODA1MDIyNzh9.mcD6HYa7hteEEGpvxEAWE_6iMqBqljYfEMvdZ3oZQy-y9SVcl4c5P89H3VRicw8Z
30882,30883,eyJhbGciOiJIUzM4NCJ9.eyJzdWIiOiJwZXJmX3VzZXJfODc4IiwidXNlcklkIjozMDg4MiwiaWF0IjoxNzgwNDk1MDc4LCJleHAiOjE3ODA1MDIyNzh9.sJ31xQTl3_z6dPfB1ZREExz7VOct2Z42rxVjafd7lPQ0k_SEwztTNpHSvYoFMy1S
30884,30885,eyJhbGciOiJIUzM4NCJ9.eyJzdWIiOiJwZXJmX3VzZXJfODgwIiwidXNlcklkIjozMDg4NCwiaWF0IjoxNzgwNDk1MDc4LCJleHAiOjE3ODA1MDIyNzh9.y0k8VdLkA_LYmv3z_jyisIQshv9YGOm_eU0Tgg7t5tB9DPD3nHNjRcodhQuW1gTX
30886,30887,eyJhbGciOiJIUzM4NCJ9.eyJzdWIiOiJwZXJmX3VzZXJfODgyIiwidXNlcklkIjozMDg4NiwiaWF0IjoxNzgwNDk1MDc4LCJleHAiOjE3ODA1MDIyNzh9.ocPrKZxfdry0u3AxPSqZb6kGm6dsxIhoxLzEVD43zH5Sc7KkKsSOeCowQTH5yX1h
30888,30889,eyJhbGciOiJIUzM4NCJ9.eyJzdWIiOiJwZXJmX3VzZXJfODg0IiwidXNlcklkIjozMDg4OCwiaWF0IjoxNzgwNDk1MDc4LCJleHAiOjE3ODA1MDIyNzh9.mpuh3O1Ie5_h29nrfnusdlsSemLHu66ZaCmulCnn1RufeoORLnExM5SlLuG_W0RQ
30890,30891,eyJhbGciOiJIUzM4NCJ9.eyJzdWIiOiJwZXJmX3VzZXJfODg2IiwidXNlcklkIjozMDg5MCwiaWF0IjoxNzgwNDk1MDc4LCJleHAiOjE3ODA1MDIyNzh9.A4kLp5MwRx7UQcvouSWv4xAOBrX88kpc6kt1EmOn-TRW_Mf_IbPjFTfeDIgij4fu
30892,30893,eyJhbGciOiJIUzM4NCJ9.eyJzdWIiOiJwZXJmX3VzZXJfODg4IiwidXNlcklkIjozMDg5MiwiaWF0IjoxNzgwNDk1MDc4LCJleHAiOjE3ODA1MDIyNzh9.Cxp5LjOFfhrxrXKP5f5rlAuLfK2pDVUF0YwZZLXPRzNNVLP2rJpSJWhuv1t1QSQ2
30894,30895,eyJhbGciOiJIUzM4NCJ9.eyJzdWIiOiJwZXJmX3VzZXJfODkwIiwidXNlcklkIjozMDg5NCwiaWF0IjoxNzgwNDk1MDc4LCJleHAiOjE3ODA1MDIyNzh9.9m7BjvaMIoeRNeOWh-nbpGzzo4RPEHrUG6z8RGKHghRJ6Q1L2JYINJ4H9SHVPkAb
30896,30897,eyJhbGciOiJIUzM4NCJ9.eyJzdWIiOiJwZXJmX3VzZXJfODkyIiwidXNlcklkIjozMDg5NiwiaWF0IjoxNzgwNDk1MDc4LCJleHAiOjE3ODA1MDIyNzh9.aUt0mmBcSAyhoxZvqHa8Iqg_Z7jm59MiuOP6jK-J9Wm7qgSlI8HLQn1SUy3s6wtA
30898,30899,eyJhbGciOiJIUzM4NCJ9.eyJzdWIiOiJwZXJmX3VzZXJfODk0IiwidXNlcklkIjozMDg5OCwiaWF0IjoxNzgwNDk1MDc4LCJleHAiOjE3ODA1MDIyNzh9.hIIH3iohYfBgZhH92lg0kkDpvLZvRcgWt0VoqX9Q5tBP9uAQBx3TGmQ-hQRDraiu
30900,30901,eyJhbGciOiJIUzM4NCJ9.eyJzdWIiOiJwZXJmX3VzZXJfODk2IiwidXNlcklkIjozMDkwMCwiaWF0IjoxNzgwNDk1MDc4LCJleHAiOjE3ODA1MDIyNzh9.OF8Y8rSvkGgu6Zy9vWOSGIzk9Vjxaabn7zqkbNpw8THdn0nSvgskpvIR3Hqn9-Ha
30902,30903,eyJhbGciOiJIUzM4NCJ9.eyJzdWIiOiJwZXJmX3VzZXJfODk4IiwidXNlcklkIjozMDkwMiwiaWF0IjoxNzgwNDk1MDc4LCJleHAiOjE3ODA1MDIyNzh9.G4JeYWclnWSZaCCEKNyCQXz7eSpNNAIspl7lVGoBRlFf74pgoSvz8VdgR5WTgl_2
30904,30905,eyJhbGciOiJIUzM4NCJ9.eyJzdWIiOiJwZXJmX3VzZXJfOTAwIiwidXNlcklkIjozMDkwNCwiaWF0IjoxNzgwNDk1MDc4LCJleHAiOjE3ODA1MDIyNzh9.RUfAaC5XGqzZxAICQvepZFZc1NHBFWQ81GpJCGVG6n-SyR21VAmcrZo4yeuHoNYt
30906,30907,eyJhbGciOiJIUzM4NCJ9.eyJzdWIiOiJwZXJmX3VzZXJfOTAyIiwidXNlcklkIjozMDkwNiwiaWF0IjoxNzgwNDk1MDc4LCJleHAiOjE3ODA1MDIyNzh9.lxQOvz7VeDQZLirtzMG-k0kuAAitKHhl6n-whQv43pOzczD4na7nqakltAAZNgzP
30908,30909,eyJhbGciOiJIUzM4NCJ9.eyJzdWIiOiJwZXJmX3VzZXJfOTA0IiwidXNlcklkIjozMDkwOCwiaWF0IjoxNzgwNDk1MDc4LCJleHAiOjE3ODA1MDIyNzh9.fWo5_zkDzAhV-iVy4Lroksq5d4mHS5DixoX2tKmT0F3mm3jBOSSM3wmh8KSo9chr
30910,30911,eyJhbGciOiJIUzM4NCJ9.eyJzdWIiOiJwZXJmX3VzZXJfOTA2IiwidXNlcklkIjozMDkxMCwiaWF0IjoxNzgwNDk1MDc4LCJleHAiOjE3ODA1MDIyNzh9.hXsia6NiMG85hhlTSFQZ5KD3rvgdUM1JW8xeIfFnNEy8i53QkMirCbJ0UgxtyTSg
30912,30913,eyJhbGciOiJIUzM4NCJ9.eyJzdWIiOiJwZXJmX3VzZXJfOTA4IiwidXNlcklkIjozMDkxMiwiaWF0IjoxNzgwNDk1MDc4LCJleHAiOjE3ODA1MDIyNzh9.oMs3shaOqpB9whwKSPScyOVyZCOM1P4or6lfOBwC2GhQONea2ehOFto-BatZKo3d
30914,30915,eyJhbGciOiJIUzM4NCJ9.eyJzdWIiOiJwZXJmX3VzZXJfOTEwIiwidXNlcklkIjozMDkxNCwiaWF0IjoxNzgwNDk1MDc4LCJleHAiOjE3ODA1MDIyNzh9.vs4m1WfaYyjkkJ-CCm_ChUxueC_Cqh0oW7UKkcvKzTaYIkdiPJuDvKvhKffUiFF2
30916,30917,eyJhbGciOiJIUzM4NCJ9.eyJzdWIiOiJwZXJmX3VzZXJfOTEyIiwidXNlcklkIjozMDkxNiwiaWF0IjoxNzgwNDk1MDc4LCJleHAiOjE3ODA1MDIyNzh9.Q-x1L0dMjo4q9ebC28hkDmw9qvI6KVuy2q9fyNrNuomzXfB3BOv9YJdmCjrDlc29
30918,30919,eyJhbGciOiJIUzM4NCJ9.eyJzdWIiOiJwZXJmX3VzZXJfOTE0IiwidXNlcklkIjozMDkxOCwiaWF0IjoxNzgwNDk1MDc4LCJleHAiOjE3ODA1MDIyNzh9.XBGPLIeiYik5qhSVPQEKi2H608CAwZE8n-eY8qBpgvZ-7irlQzGZyCVmjESqIQQu
30920,30921,eyJhbGciOiJIUzM4NCJ9.eyJzdWIiOiJwZXJmX3VzZXJfOTE2IiwidXNlcklkIjozMDkyMCwiaWF0IjoxNzgwNDk1MDc4LCJleHAiOjE3ODA1MDIyNzh9.pyawpQSJJ9MjSWiAKrva99yEuFogOHJ3FAxCqE0xaBqnOsB-lVEcBrOhOPN0q9iL
30922,30923,eyJhbGciOiJIUzM4NCJ9.eyJzdWIiOiJwZXJmX3VzZXJfOTE4IiwidXNlcklkIjozMDkyMiwiaWF0IjoxNzgwNDk1MDc4LCJleHAiOjE3ODA1MDIyNzh9.6yrXe1tXTmAFRy2SvzYURLEIg9l3OqJkrhnzYoyN6Gc-i9LOu7UXwyqWuhbaVdej
30924,30925,eyJhbGciOiJIUzM4NCJ9.eyJzdWIiOiJwZXJmX3VzZXJfOTIwIiwidXNlcklkIjozMDkyNCwiaWF0IjoxNzgwNDk1MDc4LCJleHAiOjE3ODA1MDIyNzh9.FrItE4sys9mFLsfi4DycRRJeWpAgUnVr0Gi60-aOf0o469BrFd2VA0fA_idQD4fy
30926,30927,eyJhbGciOiJIUzM4NCJ9.eyJzdWIiOiJwZXJmX3VzZXJfOTIyIiwidXNlcklkIjozMDkyNiwiaWF0IjoxNzgwNDk1MDc4LCJleHAiOjE3ODA1MDIyNzh9.VXkZcxAJeXgF5dw125HRMF15K5SFIFLGvQJ49A0E_7udtHC_8c5s6rkaefs50I38
30928,30929,eyJhbGciOiJIUzM4NCJ9.eyJzdWIiOiJwZXJmX3VzZXJfOTI0IiwidXNlcklkIjozMDkyOCwiaWF0IjoxNzgwNDk1MDc4LCJleHAiOjE3ODA1MDIyNzh9.kM77_kLxSkQkFAmn3Tb8767uyEPWgl_U67mmq6z2TlMq4S6vi3w5OA3M0LTPCfp7
30930,30931,eyJhbGciOiJIUzM4NCJ9.eyJzdWIiOiJwZXJmX3VzZXJfOTI2IiwidXNlcklkIjozMDkzMCwiaWF0IjoxNzgwNDk1MDc4LCJleHAiOjE3ODA1MDIyNzh9.7Uv-OZ_aQsVBiLDgtw16-9A_sKN0hq1UguA4Devj4NLrW43QJvA5qqxesOf13Lu5
30932,30933,eyJhbGciOiJIUzM4NCJ9.eyJzdWIiOiJwZXJmX3VzZXJfOTI4IiwidXNlcklkIjozMDkzMiwiaWF0IjoxNzgwNDk1MDc4LCJleHAiOjE3ODA1MDIyNzh9.sedYGwvghBlyPXno-jRA-aTu1JCqJY621PxZ3Y1HF2E4Wfxx9lCqV_l5NtAMcaq-
30934,30935,eyJhbGciOiJIUzM4NCJ9.eyJzdWIiOiJwZXJmX3VzZXJfOTMwIiwidXNlcklkIjozMDkzNCwiaWF0IjoxNzgwNDk1MDc4LCJleHAiOjE3ODA1MDIyNzh9._QdgC6ZQCgkr9Ly_Nc3uY8vMznGoN3eq0K2av9MADFT2NnDuaXLTR6s3IYhBeqia
30936,30937,eyJhbGciOiJIUzM4NCJ9.eyJzdWIiOiJwZXJmX3VzZXJfOTMyIiwidXNlcklkIjozMDkzNiwiaWF0IjoxNzgwNDk1MDc4LCJleHAiOjE3ODA1MDIyNzh9.0J5ZasB_u8MbPs1yqno6UZYeNS-shXsgES4Huu6YFibiq6IYyt-a0orAHT9vzTnk
30938,30939,eyJhbGciOiJIUzM4NCJ9.eyJzdWIiOiJwZXJmX3VzZXJfOTM0IiwidXNlcklkIjozMDkzOCwiaWF0IjoxNzgwNDk1MDc4LCJleHAiOjE3ODA1MDIyNzh9.95Eo2w8PAqYtrHmhUdhoN-OW_2cuV43wZQnf1aYf9J14Q81F67B1hJ_wcrhXInC3
30940,30941,eyJhbGciOiJIUzM4NCJ9.eyJzdWIiOiJwZXJmX3VzZXJfOTM2IiwidXNlcklkIjozMDk0MCwiaWF0IjoxNzgwNDk1MDc4LCJleHAiOjE3ODA1MDIyNzh9.z_TPSe1GUc3WvZakHr39Jz_E-r4MbRndW6qpzfkHDkMpI9HNdPQwOrJUyRhATx8G
30942,30943,eyJhbGciOiJIUzM4NCJ9.eyJzdWIiOiJwZXJmX3VzZXJfOTM4IiwidXNlcklkIjozMDk0MiwiaWF0IjoxNzgwNDk1MDc4LCJleHAiOjE3ODA1MDIyNzh9.Qci2iHK3w56z9cjzdTDVKP7myrbZAbib-x2Q5UU7xjeGOgT5_fQYH_aamn8EVMcy
30944,30945,eyJhbGciOiJIUzM4NCJ9.eyJzdWIiOiJwZXJmX3VzZXJfOTQwIiwidXNlcklkIjozMDk0NCwiaWF0IjoxNzgwNDk1MDc4LCJleHAiOjE3ODA1MDIyNzh9.8DEYJT6LsmQ9AQ_J0c6y-lSSD_HslNcM6A1jO5Q-bIvekgdc1M_3UDwlxRUtwi_C
30946,30947,eyJhbGciOiJIUzM4NCJ9.eyJzdWIiOiJwZXJmX3VzZXJfOTQyIiwidXNlcklkIjozMDk0NiwiaWF0IjoxNzgwNDk1MDc4LCJleHAiOjE3ODA1MDIyNzh9.701JC3_PasjM9oASH3625xavWMLp_XTh_qsMKBIDrl6Nn1vmwNV97_IR52xBK3L4
30948,30949,eyJhbGciOiJIUzM4NCJ9.eyJzdWIiOiJwZXJmX3VzZXJfOTQ0IiwidXNlcklkIjozMDk0OCwiaWF0IjoxNzgwNDk1MDc4LCJleHAiOjE3ODA1MDIyNzh9.rCURMXISIeDPKuqmdoutG89tbOl0LCVlHkvYNBGz-GHU5slrIrxRWXZ0HhN-vnve
30950,30951,eyJhbGciOiJIUzM4NCJ9.eyJzdWIiOiJwZXJmX3VzZXJfOTQ2IiwidXNlcklkIjozMDk1MCwiaWF0IjoxNzgwNDk1MDc4LCJleHAiOjE3ODA1MDIyNzh9.kP9bZvjMlOcslA3AnzvPudcXWD8k9dWtSLE4hv3XWNwKzslW4srMci3yetJ8ihsz
30952,30953,eyJhbGciOiJIUzM4NCJ9.eyJzdWIiOiJwZXJmX3VzZXJfOTQ4IiwidXNlcklkIjozMDk1MiwiaWF0IjoxNzgwNDk1MDc4LCJleHAiOjE3ODA1MDIyNzh9.6MR4yLpjmAkc_5v23QZi0NMtAJtmauMXBE6UiSzt_uEhCKG0CPGVV4vcV1b36Si7
30954,30955,eyJhbGciOiJIUzM4NCJ9.eyJzdWIiOiJwZXJmX3VzZXJfOTUwIiwidXNlcklkIjozMDk1NCwiaWF0IjoxNzgwNDk1MDc4LCJleHAiOjE3ODA1MDIyNzh9.HuGysWk0jHZMHW1EUoJo71g-b0bkiF91APmcZ-dd_vfMRBWuSAU1sgEDUocn-YTO
30956,30957,eyJhbGciOiJIUzM4NCJ9.eyJzdWIiOiJwZXJmX3VzZXJfOTUyIiwidXNlcklkIjozMDk1NiwiaWF0IjoxNzgwNDk1MDc4LCJleHAiOjE3ODA1MDIyNzh9.fhr65ExCnssuGIbJm4mrX-PzLblw3d5fYR92zBkGESTV9kn2tk5p-N1GB9W1_EJ8
30958,30959,eyJhbGciOiJIUzM4NCJ9.eyJzdWIiOiJwZXJmX3VzZXJfOTU0IiwidXNlcklkIjozMDk1OCwiaWF0IjoxNzgwNDk1MDc4LCJleHAiOjE3ODA1MDIyNzh9.GqtOaaTcfAoM0EDR6tzbb3IFHeG2iy0UazrItJaA5yuWyRegK_HlwTO3OVTtEKBb
30960,30961,eyJhbGciOiJIUzM4NCJ9.eyJzdWIiOiJwZXJmX3VzZXJfOTU2IiwidXNlcklkIjozMDk2MCwiaWF0IjoxNzgwNDk1MDc4LCJleHAiOjE3ODA1MDIyNzh9.1ykySSx8-_6jeAOgCTEH1bkbXIIvBw9M2DcwvNOWo_2pogjktWGVEq66Dg6YP9Nl
30962,30963,eyJhbGciOiJIUzM4NCJ9.eyJzdWIiOiJwZXJmX3VzZXJfOTU4IiwidXNlcklkIjozMDk2MiwiaWF0IjoxNzgwNDk1MDc4LCJleHAiOjE3ODA1MDIyNzh9.7o41mxSJNFVDDXYTj8jSsqzE3si8JywX6aRD4rn558xRW76wW73ig8VzZO_hWGws
30964,30965,eyJhbGciOiJIUzM4NCJ9.eyJzdWIiOiJwZXJmX3VzZXJfOTYwIiwidXNlcklkIjozMDk2NCwiaWF0IjoxNzgwNDk1MDc4LCJleHAiOjE3ODA1MDIyNzh9.RoqKYY5Mct3wejQI1XoW87ZJLP7xhoHfWXtH-MndTkj8xlDVTpbQJVppeJwGutfe
30966,30967,eyJhbGciOiJIUzM4NCJ9.eyJzdWIiOiJwZXJmX3VzZXJfOTYyIiwidXNlcklkIjozMDk2NiwiaWF0IjoxNzgwNDk1MDc4LCJleHAiOjE3ODA1MDIyNzh9.qgFbrvjJ31DJ4EYkLIrw-igWmn0YSP7p0g2saH0T995ePjux6swK_Z-RJLY81ZAN
30968,30969,eyJhbGciOiJIUzM4NCJ9.eyJzdWIiOiJwZXJmX3VzZXJfOTY0IiwidXNlcklkIjozMDk2OCwiaWF0IjoxNzgwNDk1MDc4LCJleHAiOjE3ODA1MDIyNzh9.Un8hKjAFsd79Ow8EnxcHdAblW9irX_84IJcvzaWorjfpiq6qAodsg0zUGxQkQ1KF
30970,30971,eyJhbGciOiJIUzM4NCJ9.eyJzdWIiOiJwZXJmX3VzZXJfOTY2IiwidXNlcklkIjozMDk3MCwiaWF0IjoxNzgwNDk1MDc4LCJleHAiOjE3ODA1MDIyNzh9.fJKbqH7jg1uuirkRjcLIh9TDaDJn0ABBkS6jc0jY6Clqc885j31C0uUdv06gZTWG
30972,30973,eyJhbGciOiJIUzM4NCJ9.eyJzdWIiOiJwZXJmX3VzZXJfOTY4IiwidXNlcklkIjozMDk3MiwiaWF0IjoxNzgwNDk1MDc4LCJleHAiOjE3ODA1MDIyNzh9.nPYMfMxK61BGPy9UBf8QkeR4WyeTJRRuXl_a84vO5KtDLKv0gzKCOMdiZT1aOPtV
30974,30975,eyJhbGciOiJIUzM4NCJ9.eyJzdWIiOiJwZXJmX3VzZXJfOTcwIiwidXNlcklkIjozMDk3NCwiaWF0IjoxNzgwNDk1MDc4LCJleHAiOjE3ODA1MDIyNzh9.RFKOLy_AaN7UyPGqWABb85LR0iPp4yUlvkDw-Zuue5V96zv9Cno5smiVugRN5yFK
30976,30977,eyJhbGciOiJIUzM4NCJ9.eyJzdWIiOiJwZXJmX3VzZXJfOTcyIiwidXNlcklkIjozMDk3NiwiaWF0IjoxNzgwNDk1MDc4LCJleHAiOjE3ODA1MDIyNzh9.EL8Yhd2VqaoSjpDzTpvPsSf2TDk3vDxE6lBFgaQh3rp_O69-JxPqhcx9gJE9kh0m
30978,30979,eyJhbGciOiJIUzM4NCJ9.eyJzdWIiOiJwZXJmX3VzZXJfOTc0IiwidXNlcklkIjozMDk3OCwiaWF0IjoxNzgwNDk1MDc4LCJleHAiOjE3ODA1MDIyNzh9.hhSfOsAyTZeYa3HGnt18I7zyT_tslmTwfnYeXxZ-_n8YV7ORgNfgokXlKJcmK82h
30980,30981,eyJhbGciOiJIUzM4NCJ9.eyJzdWIiOiJwZXJmX3VzZXJfOTc2IiwidXNlcklkIjozMDk4MCwiaWF0IjoxNzgwNDk1MDc4LCJleHAiOjE3ODA1MDIyNzh9.iFn3g8bw0SwrtKGELEHhWLAXCVL0OHYJHoHOHRUL0PsRwDtP792sMLFbL_YUCBAm
30982,30983,eyJhbGciOiJIUzM4NCJ9.eyJzdWIiOiJwZXJmX3VzZXJfOTc4IiwidXNlcklkIjozMDk4MiwiaWF0IjoxNzgwNDk1MDc4LCJleHAiOjE3ODA1MDIyNzh9.kFZyO3C7kBQEbAb2DHYLUrtVMBMJUIuj7giNMAhJRd_ut4H5yXichCMW0B26CfTm
30984,30985,eyJhbGciOiJIUzM4NCJ9.eyJzdWIiOiJwZXJmX3VzZXJfOTgwIiwidXNlcklkIjozMDk4NCwiaWF0IjoxNzgwNDk1MDc4LCJleHAiOjE3ODA1MDIyNzh9.yJnKJU4uNV7Xa7DypspOQYtBSxYVoR4lSVTRXAjF8msSCXJtUB7v-NHUiA2ymjX-
30986,30987,eyJhbGciOiJIUzM4NCJ9.eyJzdWIiOiJwZXJmX3VzZXJfOTgyIiwidXNlcklkIjozMDk4NiwiaWF0IjoxNzgwNDk1MDc4LCJleHAiOjE3ODA1MDIyNzh9.mIBpRikRlgUN8aOXilsYAXdll8EZehxtgMhe0fUJMTDZFTVm4QrBmwJRDijkyfpP
30988,30989,eyJhbGciOiJIUzM4NCJ9.eyJzdWIiOiJwZXJmX3VzZXJfOTg0IiwidXNlcklkIjozMDk4OCwiaWF0IjoxNzgwNDk1MDc4LCJleHAiOjE3ODA1MDIyNzh9.bx4zLMEawY7Md8bJeAPMhWTd3uv6ShOudG_y3XFCHp85nZSMZ4RBMFmXaj1iYXWb
30990,30991,eyJhbGciOiJIUzM4NCJ9.eyJzdWIiOiJwZXJmX3VzZXJfOTg2IiwidXNlcklkIjozMDk5MCwiaWF0IjoxNzgwNDk1MDc4LCJleHAiOjE3ODA1MDIyNzh9.Xl_nfLl83T8Pznz0y7lQSPZNqkiKxNr3ym28iPbuH6AiHEsf-We5cw92aPZn6o3M
30992,30993,eyJhbGciOiJIUzM4NCJ9.eyJzdWIiOiJwZXJmX3VzZXJfOTg4IiwidXNlcklkIjozMDk5MiwiaWF0IjoxNzgwNDk1MDc4LCJleHAiOjE3ODA1MDIyNzh9.mpZqfoBVqFV67EZdYQxv72X8ZLgJg-bNuRWB0cqovrm6P8hOnHntUKeSEovawb4o
30994,30995,eyJhbGciOiJIUzM4NCJ9.eyJzdWIiOiJwZXJmX3VzZXJfOTkwIiwidXNlcklkIjozMDk5NCwiaWF0IjoxNzgwNDk1MDc4LCJleHAiOjE3ODA1MDIyNzh9.k62VJDqAJyRfXdMF_Ygqi1FK_K1ZzV-i09LpaJUVegjzfiJW-738MvXa7-MYb_hG
30996,30997,eyJhbGciOiJIUzM4NCJ9.eyJzdWIiOiJwZXJmX3VzZXJfOTkyIiwidXNlcklkIjozMDk5NiwiaWF0IjoxNzgwNDk1MDc4LCJleHAiOjE3ODA1MDIyNzh9.BB_v7xP-bf5ex62uFo-gevdq1JIYCQu1Po_FR6aXuOpHZUh9lItMyh7fzrTLUbkt
30998,30999,eyJhbGciOiJIUzM4NCJ9.eyJzdWIiOiJwZXJmX3VzZXJfOTk0IiwidXNlcklkIjozMDk5OCwiaWF0IjoxNzgwNDk1MDc4LCJleHAiOjE3ODA1MDIyNzh9.OUcIjEKpAlNGEdFFFKg3n7H-iqfe15NSP5IhGzjamLsqa3jBJSb4QY0Pof4GnnHU
31000,31001,eyJhbGciOiJIUzM4NCJ9.eyJzdWIiOiJwZXJmX3VzZXJfOTk2IiwidXNlcklkIjozMTAwMCwiaWF0IjoxNzgwNDk1MDc4LCJleHAiOjE3ODA1MDIyNzh9.aXIIySbmnMBruayUjPj-0P49DHrvEdch4Yc_eIqv4-Je1syWQLLF4hU9NRyNfkL-
31002,31003,eyJhbGciOiJIUzM4NCJ9.eyJzdWIiOiJwZXJmX3VzZXJfOTk4IiwidXNlcklkIjozMTAwMiwiaWF0IjoxNzgwNDk1MDc4LCJleHAiOjE3ODA1MDIyNzh9.i_ujyauHfU3fLrsssVh3_5I2uNn3jOKgXRX2hiHtg7_KT8vcvuBVW82uKOmYIMSF
