groupId,userId,token
1780296320319706,2,eyJhbGciOiJIUzM4NCJ9.eyJzdWIiOiJwZXJmX3VzZXJfMCIsInVzZXJJZCI6MiwiaWF0IjoxNzgwMjk2MjgzLCJleHAiOjE3ODAzMDM0ODN9.YZvxtHQpO4JrcxVyIAtGojTJuXXEqLw_O791q11H2syqUXSb-J4rq7mNh-ZwSgJN
1780296320319706,3,eyJhbGciOiJIUzM4NCJ9.eyJzdWIiOiJwZXJmX3VzZXJfMSIsInVzZXJJZCI6MywiaWF0IjoxNzgwMjk2MjgzLCJleHAiOjE3ODAzMDM0ODN9.CHCu67Rq-gBTaXCo4Ih43duOk_x7UglwINz5gK28X8BsUTu0hTM3WcZxxLlYLRMO
1780296320319706,4,eyJhbGciOiJIUzM4NCJ9.eyJzdWIiOiJwZXJmX3VzZXJfMiIsInVzZXJJZCI6NCwiaWF0IjoxNzgwMjk2MjgzLCJleHAiOjE3ODAzMDM0ODN9.hmZUl3rlvINGYHaBGeM0gUEJ10_QMfxq_1XSYDXyMYw_sumV2t5A273NMWT1rqhR
1780296320319706,5,eyJhbGciOiJIUzM4NCJ9.eyJzdWIiOiJwZXJmX3VzZXJfMyIsInVzZXJJZCI6NSwiaWF0IjoxNzgwMjk2MjgzLCJleHAiOjE3ODAzMDM0ODN9.c_YBCbQ1efP2ggm2efnqs4fY4ni_iGsmdmP8-ml6iR9gz01zt4lFRcU_TAzgQwjP
1780296320319706,6,eyJhbGciOiJIUzM4NCJ9.eyJzdWIiOiJwZXJmX3VzZXJfNCIsInVzZXJJZCI6NiwiaWF0IjoxNzgwMjk2MjgzLCJleHAiOjE3ODAzMDM0ODN9.TSd-rIhMQzPwLyAucuuwatevcNBIEKC4cr_oZBatmk9lZiXLKmSm8hDxFdf2lI7I
1780296320319706,7,eyJhbGciOiJIUzM4NCJ9.eyJzdWIiOiJwZXJmX3VzZXJfNSIsInVzZXJJZCI6NywiaWF0IjoxNzgwMjk2MjgzLCJleHAiOjE3ODAzMDM0ODN9.KsXZK_vLP7cWepzRTY_zJM35XhfKZnZ74wMCIfOG4-ZDWpr0xGsirf2ttSTE_jpJ
1780296320319706,8,eyJhbGciOiJIUzM4NCJ9.eyJzdWIiOiJwZXJmX3VzZXJfNiIsInVzZXJJZCI6OCwiaWF0IjoxNzgwMjk2MjgzLCJleHAiOjE3ODAzMDM0ODN9.tx012bortK8wAgD3zs1Wlz7HOFcPsbNLccyyeY8Fcv3xt9xfHjmjFl2njMvbJiRm
1780296320319706,9,eyJhbGciOiJIUzM4NCJ9.eyJzdWIiOiJwZXJmX3VzZXJfNyIsInVzZXJJZCI6OSwiaWF0IjoxNzgwMjk2MjgzLCJleHAiOjE3ODAzMDM0ODN9.cFNKA-kGPaRLndD6BFQrFk_QAUHtdXEqd3xB1l6u9a6uxa9GWjoLTNvYomtupdnx
1780296320319706,10,eyJhbGciOiJIUzM4NCJ9.eyJzdWIiOiJwZXJmX3VzZXJfOCIsInVzZXJJZCI6MTAsImlhdCI6MTc4MDI5NjI4MywiZXhwIjoxNzgwMzAzNDgzfQ.15ZuF3o8Z8ShN5-ZMP21ZSRaGCJP6wv_zhi8Y8OJsVhyeaog84BSNY7yqiuNZgUW
1780296320319706,11,eyJhbGciOiJIUzM4NCJ9.eyJzdWIiOiJwZXJmX3VzZXJfOSIsInVzZXJJZCI6MTEsImlhdCI6MTc4MDI5NjI4MywiZXhwIjoxNzgwMzAzNDgzfQ.IgCwszrvAnHSriT0SPWsrCYt2U4gGXmCwT96XuVP2DEHoou0Nwxyf-UKO5iFnjBQ
1780296320319706,12,eyJhbGciOiJIUzM4NCJ9.eyJzdWIiOiJwZXJmX3VzZXJfMTAiLCJ1c2VySWQiOjEyLCJpYXQiOjE3ODAyOTYyODMsImV4cCI6MTc4MDMwMzQ4M30.zOy5wUaYNTWgPH2NZqxbuzPAS_MPM5e8DCPLsiFM16eWxWfAnN-mjkdE9WOV_h4k
1780296320319706,13,eyJhbGciOiJIUzM4NCJ9.eyJzdWIiOiJwZXJmX3VzZXJfMTEiLCJ1c2VySWQiOjEzLCJpYXQiOjE3ODAyOTYyODMsImV4cCI6MTc4MDMwMzQ4M30.WJwCOWk-4o7XvzTVoo6ukU4gHPZ5dzAjHhrT6jlNEpAhzTf7DQkFjXKGu61e2ENG
1780296320319706,14,eyJhbGciOiJIUzM4NCJ9.eyJzdWIiOiJwZXJmX3VzZXJfMTIiLCJ1c2VySWQiOjE0LCJpYXQiOjE3ODAyOTYyODMsImV4cCI6MTc4MDMwMzQ4M30.OBvU77Wyvp5-VejnutLai7AfN7fN4OF6hFobTJBgUqI23Y1MOI0ZMtjcSp9su_y3
1780296320319706,15,eyJhbGciOiJIUzM4NCJ9.eyJzdWIiOiJwZXJmX3VzZXJfMTMiLCJ1c2VySWQiOjE1LCJpYXQiOjE3ODAyOTYyODMsImV4cCI6MTc4MDMwMzQ4M30.cV0M7OAB_LyX_39lS61HtG_LLWLuH0xPz162g0MGLinZQFq2QmfpjmR1y7IlTBI1
1780296320319706,16,eyJhbGciOiJIUzM4NCJ9.eyJzdWIiOiJwZXJmX3VzZXJfMTQiLCJ1c2VySWQiOjE2LCJpYXQiOjE3ODAyOTYyODMsImV4cCI6MTc4MDMwMzQ4M30.1yBe2sz4PiIhCyVBZkA_Y4Qj4xS3Gn9MXkKAf2F84Qp9ooa0h8VqqJ6VUJQfWvx4
1780296320319706,17,eyJhbGciOiJIUzM4NCJ9.eyJzdWIiOiJwZXJmX3VzZXJfMTUiLCJ1c2VySWQiOjE3LCJpYXQiOjE3ODAyOTYyODMsImV4cCI6MTc4MDMwMzQ4M30.xaRiyHPserenzsDfe1HnPETr1ZjRIuyOlJBDpH-cWdqyXIljLlpuTV1VKAncAB_P
1780296320319706,18,eyJhbGciOiJIUzM4NCJ9.eyJzdWIiOiJwZXJmX3VzZXJfMTYiLCJ1c2VySWQiOjE4LCJpYXQiOjE3ODAyOTYyODMsImV4cCI6MTc4MDMwMzQ4M30.d5FACHkJdFK4dGWPdv_j2A4cyINQoP4G4mdDVpJ6Gmebyc-dezuCFtzN3x6H9KJk
1780296320319706,19,eyJhbGciOiJIUzM4NCJ9.eyJzdWIiOiJwZXJmX3VzZXJfMTciLCJ1c2VySWQiOjE5LCJpYXQiOjE3ODAyOTYyODMsImV4cCI6MTc4MDMwMzQ4M30.0P4jwzcJLugDYrgXVI9TSmm9LWHjIIIujQqFZWVjCmc6PO38RXt_3MwEyY6F7bcw
1780296320319706,20,eyJhbGciOiJIUzM4NCJ9.eyJzdWIiOiJwZXJmX3VzZXJfMTgiLCJ1c2VySWQiOjIwLCJpYXQiOjE3ODAyOTYyODMsImV4cCI6MTc4MDMwMzQ4M30.gMwCJXkRL5CCm1U-ROSwu11LpMyHRs3XENVfubQrv32FLyaf5DrnEfq9Py1Mnd3i
1780296320319706,21,eyJhbGciOiJIUzM4NCJ9.eyJzdWIiOiJwZXJmX3VzZXJfMTkiLCJ1c2VySWQiOjIxLCJpYXQiOjE3ODAyOTYyODMsImV4cCI6MTc4MDMwMzQ4M30.UzNi2OCYwROd6UWcXcp6QgbFf-hDRKSqmHT7dQmUjY0FDiJ6shTw4HTWVkNJ3fcS
1780296320319706,22,eyJhbGciOiJIUzM4NCJ9.eyJzdWIiOiJwZXJmX3VzZXJfMjAiLCJ1c2VySWQiOjIyLCJpYXQiOjE3ODAyOTYyODMsImV4cCI6MTc4MDMwMzQ4M30.oDpnIMGV5wfXhcOtSv3_FZAmExWFdMMw49mhO5r_LdzqDSOFPUqvHg6XDRMmEfe5
1780296320319706,23,eyJhbGciOiJIUzM4NCJ9.eyJzdWIiOiJwZXJmX3VzZXJfMjEiLCJ1c2VySWQiOjIzLCJpYXQiOjE3ODAyOTYyODMsImV4cCI6MTc4MDMwMzQ4M30.VJSsF0bO_Ko_fiJ6XFZCV4jb1mOEVESAzmA94itacHTZ4deCw2_F44pU1FJFH3Q_
1780296320319706,24,eyJhbGciOiJIUzM4NCJ9.eyJzdWIiOiJwZXJmX3VzZXJfMjIiLCJ1c2VySWQiOjI0LCJpYXQiOjE3ODAyOTYyODMsImV4cCI6MTc4MDMwMzQ4M30.CjL3Wvlj6CD1QT2Ze0UqBmRNo5koQPFJQqL9mcfYKPrUUCXlvmyvtieG6eKwZ4vw
1780296320319706,25,eyJhbGciOiJIUzM4NCJ9.eyJzdWIiOiJwZXJmX3VzZXJfMjMiLCJ1c2VySWQiOjI1LCJpYXQiOjE3ODAyOTYyODMsImV4cCI6MTc4MDMwMzQ4M30.dmfJIskb4c9A7F614gYNzKZKiDLLteT4DNnoZV75b_ZncUHgKuLcm0VbyRaVHCim
1780296320319706,26,eyJhbGciOiJIUzM4NCJ9.eyJzdWIiOiJwZXJmX3VzZXJfMjQiLCJ1c2VySWQiOjI2LCJpYXQiOjE3ODAyOTYyODMsImV4cCI6MTc4MDMwMzQ4M30.oUOVAcUchti23inHpJDnQqBHTMWOPEAYw-cgGiIS_Cz0njiQFGXy733_4fAhT85A
1780296320319706,27,eyJhbGciOiJIUzM4NCJ9.eyJzdWIiOiJwZXJmX3VzZXJfMjUiLCJ1c2VySWQiOjI3LCJpYXQiOjE3ODAyOTYyODMsImV4cCI6MTc4MDMwMzQ4M30.JqDGmvWK7c87XTyXEUx_P12WWXCykafNFpV6o8bBz3YMJ-mbR3sQLFaF2RDDsKHi
1780296320319706,28,eyJhbGciOiJIUzM4NCJ9.eyJzdWIiOiJwZXJmX3VzZXJfMjYiLCJ1c2VySWQiOjI4LCJpYXQiOjE3ODAyOTYyODMsImV4cCI6MTc4MDMwMzQ4M30.SwTKFWYQXrnnH5wlzT9mp7Rxw8ZGYb4n_Xfej4aIM-c_zP1i1RWvwghsuWhyj37F
1780296320319706,29,eyJhbGciOiJIUzM4NCJ9.eyJzdWIiOiJwZXJmX3VzZXJfMjciLCJ1c2VySWQiOjI5LCJpYXQiOjE3ODAyOTYyODMsImV4cCI6MTc4MDMwMzQ4M30.GHwW-nC24py9BHFFW6ff5ATq1L2x8DIy__MVC94vzND8DBf2nFudwYD7xizseUKS
1780296320319706,30,eyJhbGciOiJIUzM4NCJ9.eyJzdWIiOiJwZXJmX3VzZXJfMjgiLCJ1c2VySWQiOjMwLCJpYXQiOjE3ODAyOTYyODMsImV4cCI6MTc4MDMwMzQ4M30.-pkowUwHx8_K5i5_zNUfaxQ3qMMBSIQnP3j1crxhYwTULuESC-dmVN2j9UaxP6-z
1780296320319706,31,eyJhbGciOiJIUzM4NCJ9.eyJzdWIiOiJwZXJmX3VzZXJfMjkiLCJ1c2VySWQiOjMxLCJpYXQiOjE3ODAyOTYyODMsImV4cCI6MTc4MDMwMzQ4M30.LS7plNFCogdVrN6OEKZeUZH-MODPH3ZOqNDDa6aMweCJ-jpwTk86KSa2zyvnzYUi
1780296320319706,32,eyJhbGciOiJIUzM4NCJ9.eyJzdWIiOiJwZXJmX3VzZXJfMzAiLCJ1c2VySWQiOjMyLCJpYXQiOjE3ODAyOTYyODMsImV4cCI6MTc4MDMwMzQ4M30.2WVmxYCszu03YrVnw09SPNjoMZh4nsZw-B2f18xXrhODETb3N8sLU7TyTQeW2CDH
1780296320319706,33,eyJhbGciOiJIUzM4NCJ9.eyJzdWIiOiJwZXJmX3VzZXJfMzEiLCJ1c2VySWQiOjMzLCJpYXQiOjE3ODAyOTYyODMsImV4cCI6MTc4MDMwMzQ4M30.1oZcImFLHLQLDkXsNtwYNHJWBbkivepjomMBz6_d11AkvobnvkiTPmqPohqqKPDn
1780296320319706,34,eyJhbGciOiJIUzM4NCJ9.eyJzdWIiOiJwZXJmX3VzZXJfMzIiLCJ1c2VySWQiOjM0LCJpYXQiOjE3ODAyOTYyODMsImV4cCI6MTc4MDMwMzQ4M30.L6fsT_WgTDSaMHP2taLs3FdGA_NHz82Q_a7hQAzoADujS2rAR4C8R35lSer5FAcM
1780296320319706,35,eyJhbGciOiJIUzM4NCJ9.eyJzdWIiOiJwZXJmX3VzZXJfMzMiLCJ1c2VySWQiOjM1LCJpYXQiOjE3ODAyOTYyODMsImV4cCI6MTc4MDMwMzQ4M30.f9ZnGLAbganB05daACq_rrUUPdJ3GZHbrszcnIBiWShGGdUyCTsgzDFpbTGc8sKi
1780296320319706,36,eyJhbGciOiJIUzM4NCJ9.eyJzdWIiOiJwZXJmX3VzZXJfMzQiLCJ1c2VySWQiOjM2LCJpYXQiOjE3ODAyOTYyODMsImV4cCI6MTc4MDMwMzQ4M30.uz2vr-a2szT4PQhcyUUc2Tdmazoifd9GG8lDyki92u35SopFPRnn4wBvjcw7Jz_4
1780296320319706,37,eyJhbGciOiJIUzM4NCJ9.eyJzdWIiOiJwZXJmX3VzZXJfMzUiLCJ1c2VySWQiOjM3LCJpYXQiOjE3ODAyOTYyODMsImV4cCI6MTc4MDMwMzQ4M30.8TpFQm1aZ8XTZjVc0B4uf17j3HgEkT_uf5L-brf1L1Du23tMciAcvw268QfA-tAY
1780296320319706,38,eyJhbGciOiJIUzM4NCJ9.eyJzdWIiOiJwZXJmX3VzZXJfMzYiLCJ1c2VySWQiOjM4LCJpYXQiOjE3ODAyOTYyODMsImV4cCI6MTc4MDMwMzQ4M30.NWWC-fnyrbKdmFbjc-xIIPue19IKQLwHjuu2eFi3Xqn8aH0sXogoSCC5Vlwi9EAy
1780296320319706,39,eyJhbGciOiJIUzM4NCJ9.eyJzdWIiOiJwZXJmX3VzZXJfMzciLCJ1c2VySWQiOjM5LCJpYXQiOjE3ODAyOTYyODMsImV4cCI6MTc4MDMwMzQ4M30.GrHMZeotfHboNgf8bc1bhY1bYxxOz5syoLJB5jCJWUm9sHXkEBYxU2SfIU4pZoha
1780296320319706,40,eyJhbGciOiJIUzM4NCJ9.eyJzdWIiOiJwZXJmX3VzZXJfMzgiLCJ1c2VySWQiOjQwLCJpYXQiOjE3ODAyOTYyODMsImV4cCI6MTc4MDMwMzQ4M30.W_Qu65n1peJMy2bQ191F8rlUOY8fZpE0NQwp_Fd81Cbq1XqpkOxih7mdum-BrBSl
1780296320319706,41,eyJhbGciOiJIUzM4NCJ9.eyJzdWIiOiJwZXJmX3VzZXJfMzkiLCJ1c2VySWQiOjQxLCJpYXQiOjE3ODAyOTYyODMsImV4cCI6MTc4MDMwMzQ4M30.WPV8EZ_zhxQ4iMWc_XW4uRGY1DPr1WLNpuycLFOdxHzYVRNC_asbIyyo3LOhPBNj
1780296320319706,42,eyJhbGciOiJIUzM4NCJ9.eyJzdWIiOiJwZXJmX3VzZXJfNDAiLCJ1c2VySWQiOjQyLCJpYXQiOjE3ODAyOTYyODMsImV4cCI6MTc4MDMwMzQ4M30.JS_CrflUR0z_FqfVArphLZfaWQbIULFWDUqg2rwAqW2rbvyRIDGO-uURWY5_xFCy
1780296320319706,43,eyJhbGciOiJIUzM4NCJ9.eyJzdWIiOiJwZXJmX3VzZXJfNDEiLCJ1c2VySWQiOjQzLCJpYXQiOjE3ODAyOTYyODMsImV4cCI6MTc4MDMwMzQ4M30.d-ZOT_8KJ4MrJVKsNK0VMj36E2oJ-nGk8_RWQ2gKQACzch6kG2LE9z27fGl8wsvJ
1780296320319706,44,eyJhbGciOiJIUzM4NCJ9.eyJzdWIiOiJwZXJmX3VzZXJfNDIiLCJ1c2VySWQiOjQ0LCJpYXQiOjE3ODAyOTYyODMsImV4cCI6MTc4MDMwMzQ4M30.Y1KG5XX5SaGeNnX-rI2DsSxsApmUSLqZ_StV2IHz5v_B675tstW4_08CwUSL3ciQ
1780296320319706,45,eyJhbGciOiJIUzM4NCJ9.eyJzdWIiOiJwZXJmX3VzZXJfNDMiLCJ1c2VySWQiOjQ1LCJpYXQiOjE3ODAyOTYyODMsImV4cCI6MTc4MDMwMzQ4M30.CmMBF_SZoTLmtsIiFjgGrbQxzkpxzLMeJOREczf-_nzQRXkxnIgSWDcJHb6njPCV
1780296320319706,46,eyJhbGciOiJIUzM4NCJ9.eyJzdWIiOiJwZXJmX3VzZXJfNDQiLCJ1c2VySWQiOjQ2LCJpYXQiOjE3ODAyOTYyODMsImV4cCI6MTc4MDMwMzQ4M30.B0SU0s8s4IbrUj2ScvMH8wsesP4TNhjtlNYvkTwYpXXOM8TqtPhoQwMAZIovO2j-
1780296320319706,47,eyJhbGciOiJIUzM4NCJ9.eyJzdWIiOiJwZXJmX3VzZXJfNDUiLCJ1c2VySWQiOjQ3LCJpYXQiOjE3ODAyOTYyODMsImV4cCI6MTc4MDMwMzQ4M30.iJIcaxTNxX9G10bL73ysL21AzPwAdECj2lcpmHUMRwWf3_F_TK70ABVAxrJJXSmJ
1780296320319706,48,eyJhbGciOiJIUzM4NCJ9.eyJzdWIiOiJwZXJmX3VzZXJfNDYiLCJ1c2VySWQiOjQ4LCJpYXQiOjE3ODAyOTYyODMsImV4cCI6MTc4MDMwMzQ4M30.EBIjiyeExYAecyU9KKbGjaiMjMsUCe1_hSvHZbgut-wI1IbOOGi3pnri01SE5JA_
1780296320319706,49,eyJhbGciOiJIUzM4NCJ9.eyJzdWIiOiJwZXJmX3VzZXJfNDciLCJ1c2VySWQiOjQ5LCJpYXQiOjE3ODAyOTYyODMsImV4cCI6MTc4MDMwMzQ4M30.Bcd2mKGFPzrVcj0RZISYAhEcpSee9NG93NBz008Not4CZmvCmloTgD0ljxVDt3Xl
1780296320319706,50,eyJhbGciOiJIUzM4NCJ9.eyJzdWIiOiJwZXJmX3VzZXJfNDgiLCJ1c2VySWQiOjUwLCJpYXQiOjE3ODAyOTYyODMsImV4cCI6MTc4MDMwMzQ4M30.rDNUxuj1Fl_XcGB_iRUnX9t3aYNJ-S5-0ZdiWWO8oOQyQscBe7b4OWIdm8w2Zico
1780296320319706,51,eyJhbGciOiJIUzM4NCJ9.eyJzdWIiOiJwZXJmX3VzZXJfNDkiLCJ1c2VySWQiOjUxLCJpYXQiOjE3ODAyOTYyODMsImV4cCI6MTc4MDMwMzQ4M30.ipj15RmT1g8QWixKJ3ZszrVyoravCd5n5_ZTAuQPmfxkUHdqD-2zOdoTCvoZqLjO
