receiverId,token
3,eyJhbGciOiJIUzM4NCJ9.eyJzdWIiOiJwZXJmX3VzZXJfMSIsInVzZXJJZCI6MywiaWF0IjoxNzgwMjk2MjgzLCJleHAiOjE3ODAzMDM0ODN9.CHCu67Rq-gBTaXCo4Ih43duOk_x7UglwINz5gK28X8BsUTu0hTM3WcZxxLlYLRMO
5,eyJhbGciOiJIUzM4NCJ9.eyJzdWIiOiJwZXJmX3VzZXJfMyIsInVzZXJJZCI6NSwiaWF0IjoxNzgwMjk2MjgzLCJleHAiOjE3ODAzMDM0ODN9.c_YBCbQ1efP2ggm2efnqs4fY4ni_iGsmdmP8-ml6iR9gz01zt4lFRcU_TAzgQwjP
7,eyJhbGciOiJIUzM4NCJ9.eyJzdWIiOiJwZXJmX3VzZXJfNSIsInVzZXJJZCI6NywiaWF0IjoxNzgwMjk2MjgzLCJleHAiOjE3ODAzMDM0ODN9.KsXZK_vLP7cWepzRTY_zJM35XhfKZnZ74wMCIfOG4-ZDWpr0xGsirf2ttSTE_jpJ
9,eyJhbGciOiJIUzM4NCJ9.eyJzdWIiOiJwZXJmX3VzZXJfNyIsInVzZXJJZCI6OSwiaWF0IjoxNzgwMjk2MjgzLCJleHAiOjE3ODAzMDM0ODN9.cFNKA-kGPaRLndD6BFQrFk_QAUHtdXEqd3xB1l6u9a6uxa9GWjoLTNvYomtupdnx
11,eyJhbGciOiJIUzM4NCJ9.eyJzdWIiOiJwZXJmX3VzZXJfOSIsInVzZXJJZCI6MTEsImlhdCI6MTc4MDI5NjI4MywiZXhwIjoxNzgwMzAzNDgzfQ.IgCwszrvAnHSriT0SPWsrCYt2U4gGXmCwT96XuVP2DEHoou0Nwxyf-UKO5iFnjBQ
13,eyJhbGciOiJIUzM4NCJ9.eyJzdWIiOiJwZXJmX3VzZXJfMTEiLCJ1c2VySWQiOjEzLCJpYXQiOjE3ODAyOTYyODMsImV4cCI6MTc4MDMwMzQ4M30.WJwCOWk-4o7XvzTVoo6ukU4gHPZ5dzAjHhrT6jlNEpAhzTf7DQkFjXKGu61e2ENG
15,eyJhbGciOiJIUzM4NCJ9.eyJzdWIiOiJwZXJmX3VzZXJfMTMiLCJ1c2VySWQiOjE1LCJpYXQiOjE3ODAyOTYyODMsImV4cCI6MTc4MDMwMzQ4M30.cV0M7OAB_LyX_39lS61HtG_LLWLuH0xPz162g0MGLinZQFq2QmfpjmR1y7IlTBI1
17,eyJhbGciOiJIUzM4NCJ9.eyJzdWIiOiJwZXJmX3VzZXJfMTUiLCJ1c2VySWQiOjE3LCJpYXQiOjE3ODAyOTYyODMsImV4cCI6MTc4MDMwMzQ4M30.xaRiyHPserenzsDfe1HnPETr1ZjRIuyOlJBDpH-cWdqyXIljLlpuTV1VKAncAB_P
19,eyJhbGciOiJIUzM4NCJ9.eyJzdWIiOiJwZXJmX3VzZXJfMTciLCJ1c2VySWQiOjE5LCJpYXQiOjE3ODAyOTYyODMsImV4cCI6MTc4MDMwMzQ4M30.0P4jwzcJLugDYrgXVI9TSmm9LWHjIIIujQqFZWVjCmc6PO38RXt_3MwEyY6F7bcw
21,eyJhbGciOiJIUzM4NCJ9.eyJzdWIiOiJwZXJmX3VzZXJfMTkiLCJ1c2VySWQiOjIxLCJpYXQiOjE3ODAyOTYyODMsImV4cCI6MTc4MDMwMzQ4M30.UzNi2OCYwROd6UWcXcp6QgbFf-hDRKSqmHT7dQmUjY0FDiJ6shTw4HTWVkNJ3fcS
23,eyJhbGciOiJIUzM4NCJ9.eyJzdWIiOiJwZXJmX3VzZXJfMjEiLCJ1c2VySWQiOjIzLCJpYXQiOjE3ODAyOTYyODMsImV4cCI6MTc4MDMwMzQ4M30.VJSsF0bO_Ko_fiJ6XFZCV4jb1mOEVESAzmA94itacHTZ4deCw2_F44pU1FJFH3Q_
25,eyJhbGciOiJIUzM4NCJ9.eyJzdWIiOiJwZXJmX3VzZXJfMjMiLCJ1c2VySWQiOjI1LCJpYXQiOjE3ODAyOTYyODMsImV4cCI6MTc4MDMwMzQ4M30.dmfJIskb4c9A7F614gYNzKZKiDLLteT4DNnoZV75b_ZncUHgKuLcm0VbyRaVHCim
27,eyJhbGciOiJIUzM4NCJ9.eyJzdWIiOiJwZXJmX3VzZXJfMjUiLCJ1c2VySWQiOjI3LCJpYXQiOjE3ODAyOTYyODMsImV4cCI6MTc4MDMwMzQ4M30.JqDGmvWK7c87XTyXEUx_P12WWXCykafNFpV6o8bBz3YMJ-mbR3sQLFaF2RDDsKHi
29,eyJhbGciOiJIUzM4NCJ9.eyJzdWIiOiJwZXJmX3VzZXJfMjciLCJ1c2VySWQiOjI5LCJpYXQiOjE3ODAyOTYyODMsImV4cCI6MTc4MDMwMzQ4M30.GHwW-nC24py9BHFFW6ff5ATq1L2x8DIy__MVC94vzND8DBf2nFudwYD7xizseUKS
31,eyJhbGciOiJIUzM4NCJ9.eyJzdWIiOiJwZXJmX3VzZXJfMjkiLCJ1c2VySWQiOjMxLCJpYXQiOjE3ODAyOTYyODMsImV4cCI6MTc4MDMwMzQ4M30.LS7plNFCogdVrN6OEKZeUZH-MODPH3ZOqNDDa6aMweCJ-jpwTk86KSa2zyvnzYUi
33,eyJhbGciOiJIUzM4NCJ9.eyJzdWIiOiJwZXJmX3VzZXJfMzEiLCJ1c2VySWQiOjMzLCJpYXQiOjE3ODAyOTYyODMsImV4cCI6MTc4MDMwMzQ4M30.1oZcImFLHLQLDkXsNtwYNHJWBbkivepjomMBz6_d11AkvobnvkiTPmqPohqqKPDn
35,eyJhbGciOiJIUzM4NCJ9.eyJzdWIiOiJwZXJmX3VzZXJfMzMiLCJ1c2VySWQiOjM1LCJpYXQiOjE3ODAyOTYyODMsImV4cCI6MTc4MDMwMzQ4M30.f9ZnGLAbganB05daACq_rrUUPdJ3GZHbrszcnIBiWShGGdUyCTsgzDFpbTGc8sKi
37,eyJhbGciOiJIUzM4NCJ9.eyJzdWIiOiJwZXJmX3VzZXJfMzUiLCJ1c2VySWQiOjM3LCJpYXQiOjE3ODAyOTYyODMsImV4cCI6MTc4MDMwMzQ4M30.8TpFQm1aZ8XTZjVc0B4uf17j3HgEkT_uf5L-brf1L1Du23tMciAcvw268QfA-tAY
39,eyJhbGciOiJIUzM4NCJ9.eyJzdWIiOiJwZXJmX3VzZXJfMzciLCJ1c2VySWQiOjM5LCJpYXQiOjE3ODAyOTYyODMsImV4cCI6MTc4MDMwMzQ4M30.GrHMZeotfHboNgf8bc1bhY1bYxxOz5syoLJB5jCJWUm9sHXkEBYxU2SfIU4pZoha
41,eyJhbGciOiJIUzM4NCJ9.eyJzdWIiOiJwZXJmX3VzZXJfMzkiLCJ1c2VySWQiOjQxLCJpYXQiOjE3ODAyOTYyODMsImV4cCI6MTc4MDMwMzQ4M30.WPV8EZ_zhxQ4iMWc_XW4uRGY1DPr1WLNpuycLFOdxHzYVRNC_asbIyyo3LOhPBNj
43,eyJhbGciOiJIUzM4NCJ9.eyJzdWIiOiJwZXJmX3VzZXJfNDEiLCJ1c2VySWQiOjQzLCJpYXQiOjE3ODAyOTYyODMsImV4cCI6MTc4MDMwMzQ4M30.d-ZOT_8KJ4MrJVKsNK0VMj36E2oJ-nGk8_RWQ2gKQACzch6kG2LE9z27fGl8wsvJ
45,eyJhbGciOiJIUzM4NCJ9.eyJzdWIiOiJwZXJmX3VzZXJfNDMiLCJ1c2VySWQiOjQ1LCJpYXQiOjE3ODAyOTYyODMsImV4cCI6MTc4MDMwMzQ4M30.CmMBF_SZoTLmtsIiFjgGrbQxzkpxzLMeJOREczf-_nzQRXkxnIgSWDcJHb6njPCV
47,eyJhbGciOiJIUzM4NCJ9.eyJzdWIiOiJwZXJmX3VzZXJfNDUiLCJ1c2VySWQiOjQ3LCJpYXQiOjE3ODAyOTYyODMsImV4cCI6MTc4MDMwMzQ4M30.iJIcaxTNxX9G10bL73ysL21AzPwAdECj2lcpmHUMRwWf3_F_TK70ABVAxrJJXSmJ
49,eyJhbGciOiJIUzM4NCJ9.eyJzdWIiOiJwZXJmX3VzZXJfNDciLCJ1c2VySWQiOjQ5LCJpYXQiOjE3ODAyOTYyODMsImV4cCI6MTc4MDMwMzQ4M30.Bcd2mKGFPzrVcj0RZISYAhEcpSee9NG93NBz008Not4CZmvCmloTgD0ljxVDt3Xl
51,eyJhbGciOiJIUzM4NCJ9.eyJzdWIiOiJwZXJmX3VzZXJfNDkiLCJ1c2VySWQiOjUxLCJpYXQiOjE3ODAyOTYyODMsImV4cCI6MTc4MDMwMzQ4M30.ipj15RmT1g8QWixKJ3ZszrVyoravCd5n5_ZTAuQPmfxkUHdqD-2zOdoTCvoZqLjO
53,eyJhbGciOiJIUzM4NCJ9.eyJzdWIiOiJwZXJmX3VzZXJfNTEiLCJ1c2VySWQiOjUzLCJpYXQiOjE3ODAyOTYyODMsImV4cCI6MTc4MDMwMzQ4M30.qYhvvcn49gXL-AbcxQPt-RIXiO8vSLYCKvUM0NYlUP2qpTIGYBASbhRN13Itb_WD
55,eyJhbGciOiJIUzM4NCJ9.eyJzdWIiOiJwZXJmX3VzZXJfNTMiLCJ1c2VySWQiOjU1LCJpYXQiOjE3ODAyOTYyODMsImV4cCI6MTc4MDMwMzQ4M30.66hq_yEY-Pn0spNOAyKWSAn5XXhfVSdXWk1OfV8w1Z6Bo8DYCNf5AzqH-3Diqrse
57,eyJhbGciOiJIUzM4NCJ9.eyJzdWIiOiJwZXJmX3VzZXJfNTUiLCJ1c2VySWQiOjU3LCJpYXQiOjE3ODAyOTYyODMsImV4cCI6MTc4MDMwMzQ4M30.QZPB6mCItfYi7B4RrIy1m_gcIET4H6Lc2m1Akgvk2QQYcgrSpQWBVDd3hGnC558c
59,eyJhbGciOiJIUzM4NCJ9.eyJzdWIiOiJwZXJmX3VzZXJfNTciLCJ1c2VySWQiOjU5LCJpYXQiOjE3ODAyOTYyODMsImV4cCI6MTc4MDMwMzQ4M30.9O2gsa1QcKTq2bnIe6WxvhTinmXT0G9D3Vi8XDnxVemUlk_Y5eEeCZaWpEjWfz8y
61,eyJhbGciOiJIUzM4NCJ9.eyJzdWIiOiJwZXJmX3VzZXJfNTkiLCJ1c2VySWQiOjYxLCJpYXQiOjE3ODAyOTYyODMsImV4cCI6MTc4MDMwMzQ4M30.SgQ2T6TMHQ_u1i8WS12qRGEySQsmB5AFahRVmwPUO5MPw7KCGW049XgNUUT4gjcq
63,eyJhbGciOiJIUzM4NCJ9.eyJzdWIiOiJwZXJmX3VzZXJfNjEiLCJ1c2VySWQiOjYzLCJpYXQiOjE3ODAyOTYyODMsImV4cCI6MTc4MDMwMzQ4M30.FwDJ3W7WJN7dE7RpCVFFQ6Qj_3PBqoOCPz4vZrC3u3A2POYLLiA0lH6eaLWQ3Mvk
65,eyJhbGciOiJIUzM4NCJ9.eyJzdWIiOiJwZXJmX3VzZXJfNjMiLCJ1c2VySWQiOjY1LCJpYXQiOjE3ODAyOTYyODMsImV4cCI6MTc4MDMwMzQ4M30.Jcj-3WPLcNS4jGdkhw55hJSNvsLyghmQ0Otb6YSabU60ThjPVrcIysiM_wtCg13W
67,eyJhbGciOiJIUzM4NCJ9.eyJzdWIiOiJwZXJmX3VzZXJfNjUiLCJ1c2VySWQiOjY3LCJpYXQiOjE3ODAyOTYyODMsImV4cCI6MTc4MDMwMzQ4M30.s-1PJjkjVgDws8f9uQCDXBbYxelfbheEoHfjPlUf33Pe8izOTcjZz7FXdTSDdNlY
69,eyJhbGciOiJIUzM4NCJ9.eyJzdWIiOiJwZXJmX3VzZXJfNjciLCJ1c2VySWQiOjY5LCJpYXQiOjE3ODAyOTYyODMsImV4cCI6MTc4MDMwMzQ4M30.DbO2QEmLueRNDmWYQpIMOidag1msvmD0ahqgfQgwFGo24rl6rrDY-O1pZLdZOFJR
71,eyJhbGciOiJIUzM4NCJ9.eyJzdWIiOiJwZXJmX3VzZXJfNjkiLCJ1c2VySWQiOjcxLCJpYXQiOjE3ODAyOTYyODMsImV4cCI6MTc4MDMwMzQ4M30.78j0TTaBCxVwr-9eQPzkCbnoKxOOJXyhmjRxvnUBy9Vijmf38p4CINxv1ae1e6gX
73,eyJhbGciOiJIUzM4NCJ9.eyJzdWIiOiJwZXJmX3VzZXJfNzEiLCJ1c2VySWQiOjczLCJpYXQiOjE3ODAyOTYyODMsImV4cCI6MTc4MDMwMzQ4M30.J2gsmc9rN1tP9XZ_ExyOpGrUKv2EgyBvx5TzEWHftrPanjkL-ldXJjZ4PIg8vzRV
75,eyJhbGciOiJIUzM4NCJ9.eyJzdWIiOiJwZXJmX3VzZXJfNzMiLCJ1c2VySWQiOjc1LCJpYXQiOjE3ODAyOTYyODMsImV4cCI6MTc4MDMwMzQ4M30.YmA80VW91a_Hb5SVb-b8Ugz19i4EDI6820ZAoPxIMF7ir7Ru8E2czQ84RU3vvshu
77,eyJhbGciOiJIUzM4NCJ9.eyJzdWIiOiJwZXJmX3VzZXJfNzUiLCJ1c2VySWQiOjc3LCJpYXQiOjE3ODAyOTYyODMsImV4cCI6MTc4MDMwMzQ4M30.ceTtE7jOmxqzmxcRkLkZZvL0OWjkrp2ddofV8ym3Bi5gUjoS_CNSI_l7TzMpL5MM
79,eyJhbGciOiJIUzM4NCJ9.eyJzdWIiOiJwZXJmX3VzZXJfNzciLCJ1c2VySWQiOjc5LCJpYXQiOjE3ODAyOTYyODMsImV4cCI6MTc4MDMwMzQ4M30.4LO-j59axTDSvUVKdHaSq1Gz7nGe4QbChi1V-RIDbUyQCTfpCWCCZ0AXMxwaQti1
81,eyJhbGciOiJIUzM4NCJ9.eyJzdWIiOiJwZXJmX3VzZXJfNzkiLCJ1c2VySWQiOjgxLCJpYXQiOjE3ODAyOTYyODMsImV4cCI6MTc4MDMwMzQ4M30.Evdh8Qw-4ql_y3iwZU4fvf13Q_IzHWZ4tqhuI6_LeY_gPzdV0CWfp7u2Az8hEGL4
83,eyJhbGciOiJIUzM4NCJ9.eyJzdWIiOiJwZXJmX3VzZXJfODEiLCJ1c2VySWQiOjgzLCJpYXQiOjE3ODAyOTYyODMsImV4cCI6MTc4MDMwMzQ4M30.f_Py2vfVUyJ2zHe3y7qCDZSDRGa62G7tdtopEGGgXQH40QLbnIrbzKs8t98Bhygv
85,eyJhbGciOiJIUzM4NCJ9.eyJzdWIiOiJwZXJmX3VzZXJfODMiLCJ1c2VySWQiOjg1LCJpYXQiOjE3ODAyOTYyODMsImV4cCI6MTc4MDMwMzQ4M30.Z29nvss8WRHk-S6Zz_fdU_QRu3YerIdDSeorsyMChRR6S3XjrJFz5OZM8Yve270Z
87,eyJhbGciOiJIUzM4NCJ9.eyJzdWIiOiJwZXJmX3VzZXJfODUiLCJ1c2VySWQiOjg3LCJpYXQiOjE3ODAyOTYyODMsImV4cCI6MTc4MDMwMzQ4M30.ycHkAW3gr0Cl7I6tU_NevhvpZEHLOEoMGYQ48cJQUWwxASEXxplD7NV6iZZWOukC
89,eyJhbGciOiJIUzM4NCJ9.eyJzdWIiOiJwZXJmX3VzZXJfODciLCJ1c2VySWQiOjg5LCJpYXQiOjE3ODAyOTYyODMsImV4cCI6MTc4MDMwMzQ4M30.MHz0dQV8bIEAODdhnljox4zNulGQkJipVgpdE_6Kc86sRhPNU95LGuRent6yixkW
91,eyJhbGciOiJIUzM4NCJ9.eyJzdWIiOiJwZXJmX3VzZXJfODkiLCJ1c2VySWQiOjkxLCJpYXQiOjE3ODAyOTYyODMsImV4cCI6MTc4MDMwMzQ4M30.MGfuQxRGGeWjJuJgIUgW3NqdL7TyKEUPEAUpWUpUYka3yjxWa_K_foK6SDR_YW7Z
93,eyJhbGciOiJIUzM4NCJ9.eyJzdWIiOiJwZXJmX3VzZXJfOTEiLCJ1c2VySWQiOjkzLCJpYXQiOjE3ODAyOTYyODMsImV4cCI6MTc4MDMwMzQ4M30.7NHG76AiTkHG_NrTkm0ivSpHUVlzrM1uET_H6j7L18IfE_7FyjUy_8hp3ZrNMeSm
95,eyJhbGciOiJIUzM4NCJ9.eyJzdWIiOiJwZXJmX3VzZXJfOTMiLCJ1c2VySWQiOjk1LCJpYXQiOjE3ODAyOTYyODMsImV4cCI6MTc4MDMwMzQ4M30.LXUeTdMVXXYPJ8zVjnhVk-3umTDLp9o0PARWxmS7iRwdf6tcwQH2972LsHSd4CJv
97,eyJhbGciOiJIUzM4NCJ9.eyJzdWIiOiJwZXJmX3VzZXJfOTUiLCJ1c2VySWQiOjk3LCJpYXQiOjE3ODAyOTYyODMsImV4cCI6MTc4MDMwMzQ4M30.H9vh-s6VFwiyljEQVRR7cFqVDPq3kYdscuwGqETfNawJEZ6TfiolVKgrMALxqxhl
99,eyJhbGciOiJIUzM4NCJ9.eyJzdWIiOiJwZXJmX3VzZXJfOTciLCJ1c2VySWQiOjk5LCJpYXQiOjE3ODAyOTYyODMsImV4cCI6MTc4MDMwMzQ4M30.CA7FetZsHfudf43WM1VxUvFtl8yRzR9Axx3Pz7ksrB6CaUVOtQDYT49ha6Wf4eWw
101,eyJhbGciOiJIUzM4NCJ9.eyJzdWIiOiJwZXJmX3VzZXJfOTkiLCJ1c2VySWQiOjEwMSwiaWF0IjoxNzgwMjk2MjgzLCJleHAiOjE3ODAzMDM0ODN9.GemkQYb6iRvwD22yvne00kmBWnAP55pdpXZl2ykDi9lxxdyp9CfYUihpk6HPDl7p
